deliveryPeriodIndex,advertiserNumber,advertiserCategoryIndex,budget,CPAConstraint,realAllCost,realAllConversion,timeStepIndex,state,action,reward,reward_continuous,done,next_state
7.0,0.0,0.0,750.0,8.0,238.28781368636638,16.0,16.0,"(0.6666666666666666, 0.31772040871496693, 0.0, 0.0, 0.0, 0.0, 0.0, 0.0, 0.0, 0.0, 0.0, 0.0, 0.001804988838657247, 16332.0, 0.0, 0.0)",13.008064256409913,0.0,0.0,0,"(0.6458333333333334, 0.31772040871496693, 0.023479410795356172, 0.023479410795356172, 0.1568118433615639, 0.001804988838657247, 0.0, 0.0, 0.1568118433615639, 0.001804988838657247, 0.0, 0.0, 0.001792380642172165, 17777.0, 16332.0, 16332.0)"
7.0,0.0,0.0,750.0,8.0,238.28781368636638,16.0,17.0,"(0.6458333333333334, 0.31772040871496693, 0.023479410795356172, 0.023479410795356172, 0.1568118433615639, 0.001804988838657247, 0.0, 0.0, 0.1568118433615639, 0.001804988838657247, 0.0, 0.0, 0.001792380642172165, 17777.0, 16332.0, 16332.0)",15.609677107691901,0.0,0.0,0,"(0.625, 0.31772040871496693, 0.025728946936870563, 0.025728946936870563, 0.13514537479551736, 0.001798684740414706, 0.0, 0.0, 0.13514537479551736, 0.001798684740414706, 0.0, 0.0, 0.0018143691711067042, 20472.0, 34109.0, 34109.0)"
7.0,0.0,0.0,750.0,8.0,238.28781368636638,16.0,18.0,"(0.625, 0.31772040871496693, 0.025728946936870563, 0.025728946936870563, 0.13514537479551736, 0.001798684740414706, 0.0, 0.0, 0.13514537479551736, 0.001798684740414706, 0.0, 0.0, 0.0018143691711067042, 20472.0, 34109.0, 34109.0)",18.731612529230258,2.0,0.13384893064320602,0,"(0.6041666666666666, 0.3145509916788333, 0.02848131805729753, 0.02848131805729753, 0.12315428871434479, 0.0018039128839787055, 3.2564803959880164e-05, 0.0007164256871173636, 0.12315428871434479, 0.0018039128839787055, 3.2564803959880164e-05, 0.0007164256871173636, 0.0018055606502461535, 17390.0, 54581.0, 54581.0)"
7.0,0.0,0.0,750.0,8.0,238.28781368636638,16.0,19.0,"(0.6041666666666666, 0.3145509916788333, 0.02848131805729753, 0.02848131805729753, 0.12315428871434479, 0.0018039128839787055, 3.2564803959880164e-05, 0.0007164256871173636, 0.12315428871434479, 0.0018039128839787055, 3.2564803959880164e-05, 0.0007164256871173636, 0.0018055606502461535, 17390.0, 54581.0, 54581.0)",22.477935035076325,0.0,1.2242331138207478,0,"(0.5833333333333334, 0.28070490609193477, 0.03150730729250395, 0.034183272791553206, 0.11483283843335335, 0.0018043248255455674, 2.4423602969910123e-05, 0.006258998391272468, 0.10083983679061652, 0.001804103487841674, 3.2564803959880164e-05, 0.008345331188363291, 0.0018019648956341765, 26546.0, 55639.0, 71971.0)"
7.0,0.0,0.0,750.0,8.0,238.28781368636638,16.0,20.0,"(0.5833333333333334, 0.28070490609193477, 0.03150730729250395, 0.034183272791553206, 0.11483283843335335, 0.0018043248255455674, 2.4423602969910123e-05, 0.006258998391272468, 0.10083983679061652, 0.001804103487841674, 3.2564803959880164e-05, 0.008345331188363291, 0.0018019648956341765, 26546.0, 55639.0, 71971.0)",15.734554524553424,0.0,0.031126287034065305,0,"(0.5625, 0.28007941373995476, 0.030876468814340592, 0.03430815006598728, 0.10907233596074599, 0.0018038528395632892, 1.9538882375928097e-05, 0.005097607814200827, 0.09169031007089844, 0.001807298238995678, 3.2564803959880164e-05, 0.008496013023668045, 0.00178450558923145, 23466.0, 64408.0, 98517.0)"
7.0,0.0,0.0,750.0,8.0,238.28781368636638,16.0,21.0,"(0.5625, 0.28007941373995476, 0.030876468814340592, 0.03430815006598728, 0.10907233596074599, 0.0018038528395632892, 1.9538882375928097e-05, 0.005097607814200827, 0.09169031007089844, 0.001807298238995678, 3.2564803959880164e-05, 0.008496013023668045, 0.00178450558923145, 23466.0, 64408.0, 98517.0)",18.881465429464146,0.0,0.0106328040505447,0,"(0.5416666666666666, 0.2798284436043582, 0.03134607077724369, 0.03421082349718985, 0.10341328783551308, 0.0018006282978413161, 1.6282401979940082e-05, 0.004276416409842489, 0.08367228695668139, 0.0017973437117039266, 0.0, 0.007836407132567613, 0.0017988043352857965, 23931.0, 67402.0, 121983.0)"
7.0,0.0,0.0,750.0,8.0,238.28781368636638,16.0,22.0,"(0.5416666666666666, 0.2798284436043582, 0.03134607077724369, 0.03421082349718985, 0.10341328783551308, 0.0018006282978413161, 1.6282401979940082e-05, 0.004276416409842489, 0.08367228695668139, 0.0017973437117039266, 0.0, 0.007836407132567613, 0.0017988043352857965, 23931.0, 67402.0, 121983.0)",22.657758515356957,4.0,2.561736640921252,0,"(0.5208333333333334, 0.2080239535016051, 0.032690471272677844, 0.034268023246243035, 0.09921831431157865, 0.001800367731761956, 3.7834518112738867e-05, 0.010052911206764947, 0.07839894881587904, 0.0017950916067171411, 5.571573830317719e-05, 0.015111461627421585, 0.001799774593243879, 18200.0, 73943.0, 145914.0)"
7.0,0.0,0.0,750.0,8.0,238.28781368636638,16.0,23.0,"(0.5208333333333334, 0.2080239535016051, 0.032690471272677844, 0.034268023246243035, 0.09921831431157865, 0.001800367731761956, 3.7834518112738867e-05, 0.010052911206764947, 0.07839894881587904, 0.0017950916067171411, 5.571573830317719e-05, 0.015111461627421585, 0.001799774593243879, 18200.0, 73943.0, 145914.0)",15.860430960749854,2.0,0.3969469312881664,0,"(0.5, 0.20011746850485074, 0.032172312448725135, 0.03433205183936604, 0.09531774125972586, 0.0018002935894471965, 4.684146708491024e-05, 0.009750967635589658, 0.07239341675802563, 0.0017943615059203752, 9.234577493321381e-05, 0.017506567337904375, 0.001637459685258559, 9639.0, 65597.0, 164114.0)"
7.0,0.0,0.0,750.0,8.0,238.28781368636638,16.0,24.0,"(0.5, 0.20011746850485074, 0.032172312448725135, 0.03433205183936604, 0.09531774125972586, 0.0018002935894471965, 4.684146708491024e-05, 0.009750967635589658, 0.07239341675802563, 0.0017943615059203752, 9.234577493321381e-05, 0.017506567337904375, 0.001637459685258559, 9639.0, 65597.0, 164114.0)",15.860430960749891,0.0,0.0045653965217527,0,"(0.4791666666666667, 0.2000305103003828, 0.03148325731987286, 0.03175763040513119, 0.09460384633377127, 0.0017822009334262368, 4.163685963103132e-05, 0.008702108521118947, 0.07698496333028763, 0.0017453462045960782, 9.234577493321381e-05, 0.01755349274367186, 0.0016137290921692895, 9027.0, 51770.0, 173753.0)"
7.0,0.0,0.0,750.0,8.0,238.28781368636638,16.0,25.0,"(0.4791666666666667, 0.2000305103003828, 0.03148325731987286, 0.03175763040513119, 0.09460384633377127, 0.0017822009334262368, 4.163685963103132e-05, 0.008702108521118947, 0.07698496333028763, 0.0017453462045960782, 9.234577493321381e-05, 0.01755349274367186, 0.0016137290921692895, 9027.0, 51770.0, 173753.0)",19.032517152899896,0.0,0.0425484054406035,0,"(0.4583333333333333, 0.1990251507429574, 0.03140626425057012, 0.028409781198985462, 0.0927083015137076, 0.001765353749300542, 3.7473173667928195e-05, 0.008097766728495253, 0.07751827165200849, 0.0016836544568905756, 3.663003663003663e-05, 0.00353576294586597, 0.001659562367045724, 10653.0, 36866.0, 182780.0)"
7.0,0.0,0.0,750.0,8.0,238.28781368636638,16.0,26.0,"(0.4583333333333333, 0.1990251507429574, 0.03140626425057012, 0.028409781198985462, 0.0927083015137076, 0.001765353749300542, 3.7473173667928195e-05, 0.008097766728495253, 0.07751827165200849, 0.0016836544568905756, 3.663003663003663e-05, 0.00353576294586597, 0.001659562367045724, 10653.0, 36866.0, 182780.0)",22.83902058347982,3.0,1.618284031665856,0,"(0.4375, 0.1544050870322248, 0.03199685650602064, 0.031528973992141995, 0.09078596279811944, 0.0017557363509137405, 5.966750459404854e-05, 0.01342903910624066, 0.07870122023383565, 0.0016369170481578576, 9.3870271285084e-05, 0.023237229694643338, 0.0016176506399967468, 8158.0, 29319.0, 193433.0)"
7.0,0.0,0.0,750.0,8.0,238.28781368636638,16.0,27.0,"(0.4375, 0.1544050870322248, 0.03199685650602064, 0.031528973992141995, 0.09078596279811944, 0.0017557363509137405, 5.966750459404854e-05, 0.01342903910624066, 0.07870122023383565, 0.0016369170481578576, 9.3870271285084e-05, 0.023237229694643338, 0.0016176506399967468, 8158.0, 29319.0, 193433.0)",15.987314408435912,0.0,0.0032159939775004,0,"(0.4166666666666667, 0.15434189119211275, 0.03148560924590522, 0.03149266502400231, 0.08883745744929421, 0.001744229208337324, 5.4695212544544496e-05, 0.012320167436011935, 0.07153829079586305, 0.0016303140330705867, 9.3870271285084e-05, 0.023174344180690906, 0.0016238605573233153, 13863.0, 27838.0, 201591.0)"
7.0,0.0,0.0,750.0,8.0,238.28781368636638,16.0,28.0,"(0.4166666666666667, 0.15434189119211275, 0.03148560924590522, 0.03149266502400231, 0.08883745744929421, 0.001744229208337324, 5.4695212544544496e-05, 0.012320167436011935, 0.07153829079586305, 0.0016303140330705867, 9.3870271285084e-05, 0.023174344180690906, 0.0016238605573233153, 13863.0, 27838.0, 201591.0)",19.184777290123098,0.0,0.19888676407329722,0,"(0.3958333333333333, 0.14961769864069946, 0.03146005493025582, 0.031639357195874775, 0.08700268790981845, 0.0017349700813362467, 5.048788850265646e-05, 0.011888501068062754, 0.06798397589685463, 0.0016336911881219289, 9.3870271285084e-05, 0.024524282199954426, 0.0016364572978882508, 12779.0, 32674.0, 215454.0)"
7.0,0.0,0.0,750.0,8.0,238.28781368636638,16.0,29.0,"(0.3958333333333333, 0.14961769864069946, 0.03146005493025582, 0.031639357195874775, 0.08700268790981845, 0.0017349700813362467, 5.048788850265646e-05, 0.011888501068062754, 0.06798397589685463, 0.0016336911881219289, 9.3870271285084e-05, 0.024524282199954426, 0.0016364572978882508, 12779.0, 32674.0, 215454.0)",23.021732748147677,4.0,2.9247235372214306,0,"(0.375, 0.06833197792499698, 0.03190391404707606, 0.03156312503094592, 0.08530898726926688, 0.0017279334539471042, 6.923972059786039e-05, 0.01776911348380748, 0.06522674366347413, 0.0016259894984027709, 0.00010433784594517045, 0.03368271953488582, 0.0016239564642437998, 14145.0, 34800.0, 228233.0)"
7.0,0.0,0.0,750.0,8.0,238.28781368636638,16.0,30.0,"(0.375, 0.06833197792499698, 0.03190391404707606, 0.03156312503094592, 0.08530898726926688, 0.0017279334539471042, 6.923972059786039e-05, 0.01776911348380748, 0.06522674366347413, 0.0016259894984027709, 0.00010433784594517045, 0.03368271953488582, 0.0016239564642437998, 14145.0, 34800.0, 228233.0)",16.115212923703382,0.0,0.15608670439777542,0,"(0.3541666666666667, 0.0651581612789648, 0.031521680057278546, 0.03166596330277184, 0.08365880892170811, 0.0017210016546335505, 6.462373922466968e-05, 0.016909709170252838, 0.06294421481136377, 0.0016280914398184552, 0.00010433784594517045, 0.03526787610721644, 0.0016550536004813349, 12975.0, 40787.0, 242378.0)"
7.0,0.0,0.0,750.0,8.0,238.28781368636638,16.0,31.0,"(0.3541666666666667, 0.0651581612789648, 0.031521680057278546, 0.03166596330277184, 0.08365880892170811, 0.0017210016546335505, 6.462373922466968e-05, 0.016909709170252838, 0.06294421481136377, 0.0016280914398184552, 0.00010433784594517045, 0.03526787610721644, 0.0016550536004813349, 12975.0, 40787.0, 242378.0)",16.115212923703346,0.0,0.8754119629426992,0,"(0.3333333333333333, 0.04779969939158669, 0.031218546376942293, 0.030172009312583705, 0.08229470892436438, 0.001716879901249037, 6.058475552312783e-05, 0.01733647469778641, 0.06189346665406342, 0.0016384891208711283, 0.00010433784594517045, 0.04094436042658891, 0.007209294717568603, 13040.0, 39899.0, 255353.0)"
7.0,0.0,0.0,750.0,8.0,238.28781368636638,16.0,32.0,"(0.3333333333333333, 0.04779969939158669, 0.031218546376942293, 0.030172009312583705, 0.08229470892436438, 0.001716879901249037, 6.058475552312783e-05, 0.01733647469778641, 0.06189346665406342, 0.0016384891208711283, 0.00010433784594517045, 0.04094436042658891, 0.007209294717568603, 13040.0, 39899.0, 255353.0)",9.287211052114342,1.0,3.639673784801851,0,"(0.3125, 0.0003773471810153523, 0.03332064609470761, 0.03993206231698819, 0.08425041282355962, 0.0020399631257384233, 6.153195323143898e-05, 0.018409789250027772, 0.07931039874359246, 0.0034961015940979125, 2.556237218813906e-05, 0.02139960949238912, 0.007180486079309914, 11121.0, 40160.0, 268393.0)"
7.0,0.0,0.0,750.0,8.0,238.28781368636638,16.0,33.0,"(0.3125, 0.0003773471810153523, 0.03332064609470761, 0.03993206231698819, 0.08425041282355962, 0.0020399631257384233, 6.153195323143898e-05, 0.018409789250027772, 0.07931039874359246, 0.0034961015940979125, 2.556237218813906e-05, 0.02139960949238912, 0.007180486079309914, 11121.0, 40160.0, 268393.0)",6.799923573595011,0.0,0.0105756973445226,0,"(0.2916666666666667, 0.0002673021150881167, 0.03418209667614443, 0.047484179770473846, 0.08448367559632299, 0.0023255477342701727, 5.811351138524792e-05, 0.0174070053964097, 0.08860800896939726, 0.005348278132453285, 2.556237218813906e-05, 0.019893486527194, 0.007226550245198497, 10805.0, 37136.0, 279514.0)"
7.0,0.0,0.0,750.0,8.0,238.28781368636638,16.0,34.0,"(0.2916666666666667, 0.0002673021150881167, 0.03418209667614443, 0.047484179770473846, 0.08448367559632299, 0.0023255477342701727, 5.811351138524792e-05, 0.0174070053964097, 0.08860800896939726, 0.005348278132453285, 2.556237218813906e-05, 0.019893486527194, 0.007226550245198497, 10805.0, 37136.0, 279514.0)",5.408294364833775,0.0,0.0132172178174639,0,"(0.2708333333333333, 0.00017526367505003626, 0.03444005532309973, 0.051621436369272716, 0.08435383744734859, 0.002583495234845348, 5.505490552286645e-05, 0.016500589296123736, 0.0953358562365977, 0.007205443680692338, 2.556237218813906e-05, 0.01204253382058947, 0.007197240549432008, 8911.0, 34966.0, 290319.0)"
7.0,0.0,0.0,750.0,8.0,238.28781368636638,16.0,35.0,"(0.2708333333333333, 0.00017526367505003626, 0.03444005532309973, 0.051621436369272716, 0.08435383744734859, 0.002583495234845348, 5.505490552286645e-05, 0.016500589296123736, 0.0953358562365977, 0.007205443680692338, 2.556237218813906e-05, 0.01204253382058947, 0.007197240549432008, 8911.0, 34966.0, 290319.0)",3.8692626229810934,0.0,0.0,0,"(0.25, 0.00017526367505003626, 0.0341104532492708, 0.03858602712512888, 0.08420275827069451, 0.002814182500574681, 5.230216024672313e-05, 0.015675559831317548, 0.0839327158044589, 0.0072014256246468065, 0.0, 0.00018159312529294555, 0.007241274709854356, 10844.0, 30837.0, 299230.0)"
7.0,0.0,0.0,750.0,8.0,238.28781368636638,16.0,36.0,"(0.25, 0.00017526367505003626, 0.0341104532492708, 0.03858602712512888, 0.08420275827069451, 0.002814182500574681, 5.230216024672313e-05, 0.015675559831317548, 0.0839327158044589, 0.0072014256246468065, 0.0, 0.00018159312529294555, 0.007241274709854356, 10844.0, 30837.0, 299230.0)",4.626477667300539,0.0,0.0281951599374582,0,"(0.22916666666666666, 3.3237998116826667e-06, 0.03408146003396883, 0.03347764018091524, 0.08376570339633803, 0.003024996415302284, 4.9811581187355364e-05, 0.014937887162600997, 0.07945787019642836, 0.007221688501494954, 0.0, 0.00012317775974880364, 0.007253037187034432, 10493.0, 30560.0, 310074.0)"
7.0,0.0,0.0,750.0,8.0,238.28781368636638,16.0,37.0,"(0.22916666666666666, 3.3237998116826667e-06, 0.03408146003396883, 0.03347764018091524, 0.08376570339633803, 0.003024996415302284, 4.9811581187355364e-05, 0.014937887162600997, 0.07945787019642836, 0.007221688501494954, 0.0, 0.00012317775974880364, 0.007253037187034432, 10493.0, 30560.0, 310074.0)",0.0,0.0,0.0,1,
7.0,0.0,0.0,750.0,8.0,238.28781368636638,16.0,38.0,"(0.20833333333333334, 3.3237998116826667e-06, 0.03253230275969752, 0.020449869858150182, 0.08306716948182932, 0.0032171800867446545, 4.754741840611194e-05, 0.014258892291573679, 0.07491827236687397, 0.007230517482106932, 0.0, 6.147792942333702e-05, 0.00725874898760689, 12689.0, 30248.0, 320567.0)",0.0,0.0,0.0,1,
7.0,0.0,0.0,750.0,8.0,238.28781368636638,16.0,39.0,"(0.1875, 3.3237998116826667e-06, 0.031117854813623714, 0.011167198575976457, 0.08251845757553877, 0.003392900473738665, 4.5480139344976636e-05, 0.013638940452809606, 0.07128978627450054, 0.007251020294831892, 0.0, 6.147792942333702e-05, 0.007340918811830772, 12292.0, 34026.0, 333256.0)",0.0,0.0,0.0,1,
7.0,0.0,0.0,750.0,8.0,238.28781368636638,16.0,40.0,"(0.16666666666666666, 3.3237998116826667e-06, 0.029821277529722728, 0.0, 0.08190584580101011, 0.003557401237825836, 4.358513353893594e-05, 0.013070651267275872, 0.0688868426337146, 0.007284234995490698, 0.0, 0.0, 0.007937765081925152, 13441.0, 35474.0, 345548.0)",0.0,0.0,0.0,1,
7.0,0.0,0.0,750.0,8.0,238.28781368636638,16.0,41.0,"(0.14583333333333334, 3.3237998116826667e-06, 0.028628426428533818, 0.0, 0.08224927544193598, 0.0037326157915898084, 4.1841728197378504e-05, 0.012547825216584839, 0.07625138581605138, 0.007512477627120938, 0.0, 0.0, 0.00801389703608855, 13532.0, 38422.0, 358989.0)",0.0,0.0,0.0,1,
7.0,0.0,0.0,750.0,8.0,238.28781368636638,16.0,42.0,"(0.125, 3.3237998116826667e-06, 0.02752733310435944, 0.0, 0.08222429954144106, 0.00389728045483976, 4.023243095901779e-05, 0.012065216554408498, 0.07996908794669194, 0.0077641936432814905, 0.0, 0.0, 0.007906132218676944, 16755.0, 39265.0, 372521.0)",0.0,0.0,0.0,1,
7.0,0.0,0.0,750.0,8.0,238.28781368636638,16.0,43.0,"(0.10416666666666667, 3.3237998116826667e-06, 0.026507802248642423, 0.0, 0.08213725100261914, 0.004045756446092989, 3.8742340923498616e-05, 0.011618356682022999, 0.08398849261549146, 0.007952598112230215, 0.0, 0.0, 0.0080384116729852, 15404.0, 43728.0, 389276.0)",0.0,0.0,0.0,1,
7.0,0.0,0.0,750.0,8.0,238.28781368636638,16.0,44.0,"(0.08333333333333333, 3.3237998116826667e-06, 0.025561095025476623, 0.0, 0.08200704315299444, 0.004188351275624854, 3.735868589051652e-05, 0.011203415371950748, 0.07998844074514837, 0.007986146975916897, 0.0, 0.0, 0.007858595373809698, 7701.0, 45691.0, 404680.0)",0.0,0.0,0.0,1,
7.0,0.0,0.0,750.0,8.0,238.28781368636638,16.0,45.0,"(0.0625, 3.3237998116826667e-06, 0.0246796779556326, 0.0, 0.08166566173025114, 0.004314911416941573, 3.607045534256767e-05, 0.010817090703952446, 0.07682413403327173, 0.00793437975515728, 0.0, 0.0, 0.007970713097117053, 6571.0, 39860.0, 412381.0)",0.0,0.0,0.0,1,
7.0,0.0,0.0,750.0,8.0,238.28781368636638,16.0,46.0,"(0.041666666666666664, 3.3237998116826667e-06, 0.023857022023778183, 0.0, 0.08137883593481793, 0.0044367714729474225, 3.486810683114875e-05, 0.010456521013820698, 0.07455310032460695, 0.007955906714637315, 0.0, 0.0, 0.007958006638350048, 6502.0, 29676.0, 418952.0)",0.0,0.0,0.0,1,
7.0,0.0,0.0,750.0,8.0,238.28781368636638,16.0,47.0,"(0.020833333333333332, 3.3237998116826667e-06, 0.023087440668172435, 0.0, 0.08117410918819665, 0.004550359704089442, 3.3743329191434276e-05, 0.010119213884342611, 0.0734000588500839, 0.0079291050364256, 0.0, 0.0, 0.007931732367379669, 6478.0, 20774.0, 425454.0)",0.0,0.0,0.0,1,
7.0,1.0,0.0,1350.0,7.0,1332.1524098889,146.0,16.0,"(0.6666666666666666, 1.0, 0.0, 0.0, 0.0, 0.0, 0.0, 0.0, 0.0, 0.0, 0.0, 0.0, 0.0011480129727382035, 16332.0, 0.0, 0.0)",5.874707588733468,0.0,0.0,0,"(0.6458333333333334, 1.0, 0.006744240522909593, 0.006744240522909593, 0.1568118433615639, 0.0011480129727382035, 0.0, 0.0, 0.1568118433615639, 0.0011480129727382035, 0.0, 0.0, 0.0011507763797052077, 17777.0, 16332.0, 16332.0)"
7.0,1.0,0.0,1350.0,7.0,1332.1524098889,146.0,17.0,"(0.6458333333333334, 1.0, 0.006744240522909593, 0.006744240522909593, 0.1568118433615639, 0.0011480129727382035, 0.0, 0.0, 0.1568118433615639, 0.0011480129727382035, 0.0, 0.0, 0.0011507763797052077, 17777.0, 16332.0, 16332.0)",6.114589564260941,0.0,0.0,0,"(0.625, 1.0, 0.006890382882526521, 0.006890382882526521, 0.13514537479551736, 0.0011493946762217056, 0.0, 0.0, 0.13514537479551736, 0.0011493946762217056, 0.0, 0.0, 0.001161389228937511, 20472.0, 34109.0, 34109.0)"
7.0,1.0,0.0,1350.0,7.0,1332.1524098889,146.0,18.0,"(0.625, 1.0, 0.006890382882526521, 0.006890382882526521, 0.13514537479551736, 0.0011493946762217056, 0.0, 0.0, 0.13514537479551736, 0.0011493946762217056, 0.0, 0.0, 0.001161389228937511, 20472.0, 34109.0, 34109.0)",6.40715012362213,0.0,0.0,0,"(0.6041666666666666, 1.0, 0.007073986968937809, 0.007073986968937809, 0.12315428871434479, 0.0011533928604603074, 0.0, 0.0, 0.12315428871434479, 0.0011533928604603074, 0.0, 0.0, 0.0011492649708419482, 17390.0, 54581.0, 54581.0)"
7.0,1.0,0.0,1350.0,7.0,1332.1524098889,146.0,19.0,"(0.6041666666666666, 1.0, 0.007073986968937809, 0.007073986968937809, 0.12315428871434479, 0.0011533928604603074, 0.0, 0.0, 0.12315428871434479, 0.0011533928604603074, 0.0, 0.0, 0.0011492649708419482, 17390.0, 54581.0, 54581.0)",6.798704812399824,0.0,0.0,0,"(0.5833333333333334, 1.0, 0.007258868548699781, 0.007430411223963177, 0.11483283843335335, 0.0011523608880557176, 0.0, 0.0, 0.10083983679061652, 0.0011538101931615554, 0.0, 0.0, 0.0011651305036202047, 26546.0, 55639.0, 71971.0)"
7.0,1.0,0.0,1350.0,7.0,1332.1524098889,146.0,20.0,"(0.5833333333333334, 1.0, 0.007258868548699781, 0.007430411223963177, 0.11483283843335335, 0.0011523608880557176, 0.0, 0.0, 0.10083983679061652, 0.0011538101931615554, 0.0, 0.0, 0.0011651305036202047, 26546.0, 55639.0, 71971.0)",7.192188885753378,0.0,0.0,0,"(0.5625, 1.0, 0.007483062570677719, 0.007878182362778518, 0.10907233596074599, 0.001154914811168615, 0.0, 0.0, 0.09169031007089844, 0.0011585949011332214, 0.0, 0.0, 0.0011622922135603175, 23466.0, 64408.0, 98517.0)"
7.0,1.0,0.0,1350.0,7.0,1332.1524098889,146.0,21.0,"(0.5625, 1.0, 0.007483062570677719, 0.007878182362778518, 0.10907233596074599, 0.001154914811168615, 0.0, 0.0, 0.09169031007089844, 0.0011585949011332214, 0.0, 0.0, 0.0011622922135603175, 23466.0, 64408.0, 98517.0)",7.72135064445411,0.0,0.0,0,"(0.5416666666666666, 1.0, 0.007731629764267757, 0.008389272559597706, 0.10341328783551308, 0.0011561443782338989, 0.0, 0.0, 0.08367228695668139, 0.0011588958960074903, 0.0, 0.0, 0.0011623783132619103, 23931.0, 67402.0, 121983.0)"
7.0,1.0,0.0,1350.0,7.0,1332.1524098889,146.0,22.0,"(0.5416666666666666, 1.0, 0.007731629764267757, 0.008389272559597706, 0.10341328783551308, 0.0011561443782338989, 0.0, 0.0, 0.08367228695668139, 0.0011588958960074903, 0.0, 0.0, 0.0011623783132619103, 23931.0, 67402.0, 121983.0)",8.272190490941208,0.0,0.0,0,"(0.5208333333333334, 1.0, 0.008000741916492572, 0.008989906406882959, 0.09921831431157865, 0.0011570349403807576, 0.0, 0.0, 0.07839894881587904, 0.0011632670101474774, 0.0, 0.0, 0.0011579355643821052, 18200.0, 73943.0, 145914.0)"
7.0,1.0,0.0,1350.0,7.0,1332.1524098889,146.0,23.0,"(0.5208333333333334, 1.0, 0.008000741916492572, 0.008989906406882959, 0.09921831431157865, 0.0011570349403807576, 0.0, 0.0, 0.07839894881587904, 0.0011632670101474774, 0.0, 0.0, 0.0011579355643821052, 18200.0, 73943.0, 145914.0)",8.916975785824802,0.0,0.0,0,"(0.5, 1.0, 0.008291309600573575, 0.009638387983733338, 0.09531774125972586, 0.001157147518380926, 0.0, 0.0, 0.07239341675802563, 0.001160868697068111, 0.0, 0.0, 0.0023463600377243575, 9639.0, 65597.0, 164114.0)"
7.0,1.0,0.0,1350.0,7.0,1332.1524098889,146.0,24.0,"(0.5, 1.0, 0.008291309600573575, 0.009638387983733338, 0.09531774125972586, 0.001157147518380926, 0.0, 0.0, 0.07239341675802563, 0.001160868697068111, 0.0, 0.0, 0.0023463600377243575, 9639.0, 65597.0, 164114.0)",9.492360949181283,0.0,0.0,0,"(0.4791666666666667, 1.0, 0.009844774799933648, 0.014071064871265424, 0.09460384633377127, 0.0012892822427524185, 0.0, 0.0, 0.07698496333028763, 0.0015555579717894577, 0.0, 0.0, 0.0023739656336326594, 9027.0, 51770.0, 173753.0)"
7.0,1.0,0.0,1350.0,7.0,1332.1524098889,146.0,25.0,"(0.4791666666666667, 1.0, 0.009844774799933648, 0.014071064871265424, 0.09460384633377127, 0.0012892822427524185, 0.0, 0.0, 0.07698496333028763, 0.0015555579717894577, 0.0, 0.0, 0.0023739656336326594, 9027.0, 51770.0, 173753.0)",9.989487967845777,0.0,0.030687707427351996,0,"(0.4583333333333333, 0.9997927203870997, 0.011231767433265566, 0.01877082697240255, 0.0927083015137076, 0.0013977505818404425, 0.0, 6.646726487205051e-05, 0.07751827165200849, 0.0019594204119130405, 0.0, 0.0002215575495735017, 0.002357445599090978, 10653.0, 36866.0, 182780.0)"
7.0,1.0,0.0,1350.0,7.0,1332.1524098889,146.0,26.0,"(0.4583333333333333, 0.9997927203870997, 0.011231767433265566, 0.01877082697240255, 0.0927083015137076, 0.0013977505818404425, 0.0, 6.646726487205051e-05, 0.07751827165200849, 0.0019594204119130405, 0.0, 0.0002215575495735017, 0.002357445599090978, 10653.0, 36866.0, 182780.0)",10.55158420517127,0.0,0.0053007807042423,0,"(0.4375, 0.9997513397619404, 0.012472041825506775, 0.023620661091995312, 0.09078596279811944, 0.001484995583408673, 0.0, 7.749210829915211e-05, 0.07870122023383565, 0.0023592570901493316, 0.0, 0.0002841377304302244, 0.0023505259759085406, 8158.0, 29319.0, 193433.0)"
7.0,1.0,0.0,1350.0,7.0,1332.1524098889,146.0,27.0,"(0.4375, 0.9997513397619404, 0.012472041825506775, 0.023620661091995312, 0.09078596279811944, 0.001484995583408673, 0.0, 7.749210829915211e-05, 0.07870122023383565, 0.0023592570901493316, 0.0, 0.0002841377304302244, 0.0023505259759085406, 8158.0, 29319.0, 193433.0)",11.300196487307142,0.0,0.0050748265024865,0,"(0.4166666666666667, 0.9997104696974497, 0.01364615545473837, 0.025050297419152535, 0.08883745744929421, 0.0015571231161169952, 0.0, 9.146427652354857e-05, 0.07153829079586305, 0.002360645736210726, 0.0, 0.0003658571060941943, 0.0023544206115100855, 13863.0, 27838.0, 201591.0)"
7.0,1.0,0.0,1350.0,7.0,1332.1524098889,146.0,28.0,"(0.4166666666666667, 0.9997104696974497, 0.01364615545473837, 0.025050297419152535, 0.08883745744929421, 0.0015571231161169952, 0.0, 9.146427652354857e-05, 0.07153829079586305, 0.002360645736210726, 0.0, 0.0003658571060941943, 0.0023544206115100855, 13863.0, 27838.0, 201591.0)",12.004104904213117,0.0,0.1599496371942865,0,"(0.3958333333333333, 0.9983490783911763, 0.014770505958928391, 0.026566301044471146, 0.08700268790981845, 0.0016184536926856946, 0.0, 0.0003951616155086392, 0.06798397589685463, 0.0023541307288365344, 0.0, 0.0014908094509639349, 0.002332702903085473, 12779.0, 32674.0, 215454.0)"
7.0,1.0,0.0,1350.0,7.0,1332.1524098889,146.0,29.0,"(0.3958333333333333, 0.9983490783911763, 0.014770505958928391, 0.026566301044471146, 0.08700268790981845, 0.0016184536926856946, 0.0, 0.0003951616155086392, 0.06798397589685463, 0.0023541307288365344, 0.0, 0.0014908094509639349, 0.002332702903085473, 12779.0, 32674.0, 215454.0)",12.655890279513208,0.0,0.1526763454601541,0,"(0.375, 0.9970132939467813, 0.0158242149615872, 0.02811551646054874, 0.08530898726926688, 0.001669471493428536, 0.0, 0.0006408226314355231, 0.06522674366347413, 0.0023458831635013665, 0.0, 0.0027063678829355505, 0.0023386448044139556, 14145.0, 34800.0, 228233.0)"
7.0,1.0,0.0,1350.0,7.0,1332.1524098889,146.0,30.0,"(0.375, 0.9970132939467813, 0.0158242149615872, 0.02811551646054874, 0.08530898726926688, 0.001669471493428536, 0.0, 0.0006408226314355231, 0.06522674366347413, 0.0023458831635013665, 0.0, 0.0027063678829355505, 0.0023386448044139556, 14145.0, 34800.0, 228233.0)",13.329734476609827,0.0,0.19095663300684582,0,"(0.3541666666666667, 0.9952668632081233, 0.01684750158267746, 0.02965288609443383, 0.08365880892170811, 0.0017140830474942305, 0.0, 0.0009610090995790109, 0.06294421481136377, 0.002341922773003171, 0.0, 0.00443918839180086, 0.0023330119472385635, 12975.0, 40787.0, 242378.0)"
7.0,1.0,0.0,1350.0,7.0,1332.1524098889,146.0,31.0,"(0.3541666666666667, 0.9952668632081233, 0.01684750158267746, 0.02965288609443383, 0.08365880892170811, 0.0017140830474942305, 0.0, 0.0009610090995790109, 0.06294421481136377, 0.002341922773003171, 0.0, 0.00443918839180086, 0.0023330119472385635, 12975.0, 40787.0, 242378.0)",14.14971338757696,1.0,1.370238287623662,0,"(0.3333333333333333, 0.9820083371590986, 0.017857748382711276, 0.03123579888577044, 0.08229470892436438, 0.0017527661037282513, 4.8169556840077075e-06, 0.0031263795568668836, 0.06189346665406342, 0.0023347865515793305, 2.5690430314707772e-05, 0.01496165730275261, 0.005858522806150302, 13040.0, 39899.0, 255353.0)"
7.0,1.0,0.0,1350.0,7.0,1332.1524098889,146.0,32.0,"(0.3333333333333333, 0.9820083371590986, 0.017857748382711276, 0.03123579888577044, 0.08229470892436438, 0.0017527661037282513, 4.8169556840077075e-06, 0.0031263795568668836, 0.06189346665406342, 0.0023347865515793305, 2.5690430314707772e-05, 0.01496165730275261, 0.005858522806150302, 13040.0, 39899.0, 255353.0)",14.813195666013353,7.0,11.186570834899925,0,"(0.3125, 0.8748418188778018, 0.021912201103805082, 0.050322803100821885, 0.08425041282355962, 0.0019942812038707246, 3.611065334676727e-05, 0.012411078269328342, 0.07931039874359246, 0.0035100598526009406, 0.0002046270356316812, 0.06733893791282815, 0.005831166072036425, 11121.0, 40160.0, 268393.0)"
7.0,1.0,0.0,1350.0,7.0,1332.1524098889,146.0,33.0,"(0.3125, 0.8748418188778018, 0.021912201103805082, 0.050322803100821885, 0.08425041282355962, 0.0019942812038707246, 3.611065334676727e-05, 0.012411078269328342, 0.07931039874359246, 0.0035100598526009406, 0.0002046270356316812, 0.06733893791282815, 0.005831166072036425, 11121.0, 40160.0, 268393.0)",14.077435861624608,19.0,21.490831012473652,0,"(0.2916666666666667, 0.683186238506701, 0.025255293619014484, 0.0672942538006996, 0.08448367559632299, 0.0022074414743243746, 0.00012902003112120103, 0.031024394410796432, 0.08860800896939726, 0.0046742336084750966, 0.0007741201867272062, 0.18134132096688352, 0.005813317375211452, 10805.0, 37136.0, 279514.0)"
7.0,1.0,0.0,1350.0,7.0,1332.1524098889,146.0,34.0,"(0.2916666666666667, 0.683186238506701, 0.025255293619014484, 0.0672942538006996, 0.08448367559632299, 0.0022074414743243746, 0.00012902003112120103, 0.031024394410796432, 0.08860800896939726, 0.0046742336084750966, 0.0007741201867272062, 0.18134132096688352, 0.005813317375211452, 10805.0, 37136.0, 279514.0)",11.833775806640558,14.0,14.402286184707137,0,"(0.2708333333333333, 0.5725656836972367, 0.027546777876492692, 0.07922160184332694, 0.08435383744734859, 0.0023972244164763264, 0.00019042405247454827, 0.04204162044353637, 0.0953358562365977, 0.005834335417799393, 0.0011803285686907649, 0.24958957183910693, 0.005873677930660542, 8911.0, 34966.0, 290319.0)"
7.0,1.0,0.0,1350.0,7.0,1332.1524098889,146.0,35.0,"(0.2708333333333333, 0.5725656836972367, 0.027546777876492692, 0.07922160184332694, 0.08435383744734859, 0.0023972244164763264, 0.00019042405247454827, 0.04204162044353637, 0.0953358562365977, 0.005834335417799393, 0.0011803285686907649, 0.24958957183910693, 0.005873677930660542, 8911.0, 34966.0, 290319.0)",10.84819169116132,15.0,14.044179564271747,0,"(0.25, 0.4746510406370012, 0.02935537818886553, 0.07153338167087468, 0.08420275827069451, 0.002571047092185537, 0.0002650684878263567, 0.05161050788730052, 0.0839327158044589, 0.005839387125969473, 0.0015624962165440301, 0.2737406090558095, 0.005833227982871318, 10844.0, 30837.0, 299230.0)"
7.0,1.0,0.0,1350.0,7.0,1332.1524098889,146.0,36.0,"(0.25, 0.4746510406370012, 0.02935537818886553, 0.07153338167087468, 0.08420275827069451, 0.002571047092185537, 0.0002650684878263567, 0.05161050788730052, 0.0839327158044589, 0.005839387125969473, 0.0015624962165440301, 0.2737406090558095, 0.005833227982871318, 10844.0, 30837.0, 299230.0)",9.878066818590892,18.0,17.669190270235333,0,"(0.22916666666666666, 0.36143174475926587, 0.030701360931437504, 0.06337776480597561, 0.08376570339633803, 0.0027263890393610505, 0.0003314892309979635, 0.06010032737259901, 0.07945787019642836, 0.005840074429581105, 0.0015463044302585383, 0.23455592514341447, 0.0059424457983833995, 10493.0, 30560.0, 310074.0)"
7.0,1.0,0.0,1350.0,7.0,1332.1524098889,146.0,37.0,"(0.22916666666666666, 0.36143174475926587, 0.030701360931437504, 0.06337776480597561, 0.08376570339633803, 0.0027263890393610505, 0.0003314892309979635, 0.06010032737259901, 0.07945787019642836, 0.005840074429581105, 0.0015463044302585383, 0.23455592514341447, 0.0059424457983833995, 10493.0, 30560.0, 310074.0)",8.671533341365913,10.0,19.766876623457307,0,"(0.20833333333333334, 0.25230622470768294, 0.03164812256500587, 0.057623305592255925, 0.08306716948182932, 0.0028725734374984296, 0.00035974046125163204, 0.06834550928989157, 0.07491827236687397, 0.005883117237305086, 0.0014320777168398294, 0.23493680531680786, 0.00589490419583197, 12689.0, 30248.0, 320567.0)"
7.0,1.0,0.0,1350.0,7.0,1332.1524098889,146.0,38.0,"(0.20833333333333334, 0.25230622470768294, 0.03164812256500587, 0.057623305592255925, 0.08306716948182932, 0.0028725734374984296, 0.00035974046125163204, 0.06834550928989157, 0.07491827236687397, 0.005883117237305086, 0.0014320777168398294, 0.23493680531680786, 0.00589490419583197, 12689.0, 30248.0, 320567.0)",7.411092661999436,11.0,7.223041495390017,0,"(0.1875, 0.21637957960044504, 0.032171581637349955, 0.050946271293912826, 0.08251845757553877, 0.0030039791226433668, 0.00038179055355060397, 0.06875930087459371, 0.07128978627450054, 0.005890192659028896, 0.0011599376583789186, 0.18308458745654832, 0.00592415476148876, 12292.0, 34026.0, 333256.0)"
7.0,1.0,0.0,1350.0,7.0,1332.1524098889,146.0,39.0,"(0.1875, 0.21637957960044504, 0.032171581637349955, 0.050946271293912826, 0.08251845757553877, 0.0030039791226433668, 0.00038179055355060397, 0.06875930087459371, 0.07128978627450054, 0.005890192659028896, 0.0011599376583789186, 0.18308458745654832, 0.00592415476148876, 12292.0, 34026.0, 333256.0)",7.247785518101041,10.0,12.220385707746043,0,"(0.16666666666666666, 0.15758403316635666, 0.032620140864431525, 0.046051600395389664, 0.08190584580101011, 0.003125653107595258, 0.00039977999965293325, 0.07102978395861005, 0.0688868426337146, 0.0059205015852347095, 0.0008778153802377216, 0.14753598006068738, 0.007413008165020141, 13441.0, 35474.0, 345548.0)"
7.0,1.0,0.0,1350.0,7.0,1332.1524098889,146.0,40.0,"(0.16666666666666666, 0.15758403316635666, 0.032620140864431525, 0.046051600395389664, 0.08190584580101011, 0.003125653107595258, 0.00039977999965293325, 0.07102978395861005, 0.0688868426337146, 0.0059205015852347095, 0.0008778153802377216, 0.14753598006068738, 0.007413008165020141, 13441.0, 35474.0, 345548.0)",6.622846514034887,12.0,10.12527986976663,0,"(0.14583333333333334, 0.11283744436210337, 0.033279143841222894, 0.04523996653348111, 0.08224927544193598, 0.003297147309892253, 0.00041950042826587855, 0.07117944149543715, 0.07625138581605138, 0.00641068904078029, 0.0008577401863703525, 0.09196161100277135, 0.007411834681296122, 13532.0, 38422.0, 358989.0)"
7.0,1.0,0.0,1350.0,7.0,1332.1524098889,146.0,41.0,"(0.14583333333333334, 0.11283744436210337, 0.033279143841222894, 0.04523996653348111, 0.08224927544193598, 0.003297147309892253, 0.00041950042826587855, 0.07117944149543715, 0.07625138581605138, 0.00641068904078029, 0.0008577401863703525, 0.09196161100277135, 0.007411834681296122, 13532.0, 38422.0, 358989.0)",5.91585921408366,10.0,7.295291824541031,0,"(0.125, 0.08361551308698845, 0.03368561409704549, 0.0452931962880446, 0.08222429954144106, 0.0034554045164847096, 0.0004317884526772627, 0.070533678169997, 0.07996908794669194, 0.006916332535935008, 0.0008151056793149802, 0.08413723743475558, 0.007316540196602495, 16755.0, 39265.0, 372521.0)"
7.0,1.0,0.0,1350.0,7.0,1332.1524098889,146.0,42.0,"(0.125, 0.08361551308698845, 0.03368561409704549, 0.0452931962880446, 0.08222429954144106, 0.0034554045164847096, 0.0004317884526772627, 0.070533678169997, 0.07996908794669194, 0.006916332535935008, 0.0008151056793149802, 0.08413723743475558, 0.007316540196602495, 16755.0, 39265.0, 372521.0)",5.609574094176974,0.0,0.10785197348319531,0,"(0.10416666666666667, 0.08318854578261622, 0.03395809780996477, 0.04466175337423071, 0.08213725100261914, 0.0035984095416742574, 0.00041579628776329005, 0.06795889833039512, 0.08398849261549146, 0.007380461014306253, 0.0005439265926461442, 0.0433918133046756, 0.007377739502215479, 15404.0, 43728.0, 389276.0)"
7.0,1.0,0.0,1350.0,7.0,1332.1524098889,146.0,43.0,"(0.10416666666666667, 0.08318854578261622, 0.03395809780996477, 0.04466175337423071, 0.08213725100261914, 0.0035984095416742574, 0.00041579628776329005, 0.06795889833039512, 0.08398849261549146, 0.007380461014306253, 0.0005439265926461442, 0.0433918133046756, 0.007377739502215479, 15404.0, 43728.0, 389276.0)",6.058477679622448,14.0,13.635870127781091,0,"(0.08333333333333333, 0.02799670377995008, 0.03434166110604607, 0.04319597164623921, 0.08200704315299444, 0.0037333856116935865, 0.0004334055218752421, 0.0684670249999953, 0.07998844074514837, 0.007368704793371365, 0.0005492813019532723, 0.045863554204646585, 0.007313437229576766, 7701.0, 45691.0, 404680.0)"
7.0,1.0,0.0,1350.0,7.0,1332.1524098889,146.0,44.0,"(0.08333333333333333, 0.02799670377995008, 0.03434166110604607, 0.04319597164623921, 0.08200704315299444, 0.0037333856116935865, 0.0004334055218752421, 0.0684670249999953, 0.07998844074514837, 0.007368704793371365, 0.0005492813019532723, 0.045863554204646585, 0.007313437229576766, 7701.0, 45691.0, 404680.0)",5.140595513121983,4.0,2.6927917971451127,0,"(0.0625, 0.01853146702626375, 0.034453859778522465, 0.041111989017989584, 0.08166566173025114, 0.0038568356674826615, 0.0004363712991636317, 0.06727029479690944, 0.07682413403327173, 0.007335905642798246, 0.0004760893020454964, 0.03898763889681713, 0.007250506330494561, 6571.0, 39860.0, 412381.0)"
7.0,1.0,0.0,1350.0,7.0,1332.1524098889,146.0,45.0,"(0.0625, 0.01853146702626375, 0.034453859778522465, 0.041111989017989584, 0.08166566173025114, 0.0038568356674826615, 0.0004363712991636317, 0.06727029479690944, 0.07682413403327173, 0.007335905642798246, 0.0004760893020454964, 0.03898763889681713, 0.007250506330494561, 6571.0, 39860.0, 412381.0)",4.785408746587835,0.0,0.9556251090920136,0,"(0.041666666666666664, 0.015379607257817784, 0.034461952332943024, 0.03899664303974734, 0.08137883593481793, 0.003969958022916392, 0.00042182558919151065, 0.06549972153504928, 0.07455310032460695, 0.007313894354095602, 0.0004760893020454964, 0.043367130376936736, 0.007350072145191507, 6502.0, 29676.0, 418952.0)"
7.0,1.0,0.0,1350.0,7.0,1332.1524098889,146.0,46.0,"(0.041666666666666664, 0.015379607257817784, 0.034461952332943024, 0.03899664303974734, 0.08137883593481793, 0.003969958022916392, 0.00042182558919151065, 0.06549972153504928, 0.07455310032460695, 0.007313894354095602, 0.0004760893020454964, 0.043367130376936736, 0.007350072145191507, 6502.0, 29676.0, 418952.0)",4.7432928018234,1.0,0.5491522790147865,0,"(0.020833333333333332, 0.013607711915088866, 0.03447490691249872, 0.03571853443939008, 0.08117410918819665, 0.004078993962344621, 0.0004131795647378775, 0.06367954119638976, 0.0734000588500839, 0.0073046719017542784, 0.00022440396478914135, 0.018996359029404702, 0.0072850695281994945, 6478.0, 20774.0, 425454.0)"
7.0,1.0,0.0,1350.0,7.0,1332.1524098889,146.0,47.0,"(0.020833333333333332, 0.013607711915088866, 0.03447490691249872, 0.03571853443939008, 0.08117410918819665, 0.004078993962344621, 0.0004131795647378775, 0.06367954119638976, 0.0734000588500839, 0.0073046719017542784, 0.00022440396478914135, 0.018996359029404702, 0.0072850695281994945, 6478.0, 20774.0, 425454.0)",4.837655509041008,0.0,0.1214049881580064,1,
7.0,2.0,0.0,2250.0,7.0,2249.8660832348864,192.0,16.0,"(0.6666666666666666, 1.0, 0.0, 0.0, 0.0, 0.0, 0.0, 0.0, 0.0, 0.0, 0.0, 0.0, 0.002381282433647793, 16332.0, 0.0, 0.0)",8.663121777110398,0.0,0.0,0,"(0.6458333333333334, 1.0, 0.020629339708384643, 0.020629339708384643, 0.1568118433615639, 0.002381282433647793, 0.0, 0.0, 0.1568118433615639, 0.002381282433647793, 0.0, 0.0, 0.0023454854304682873, 17777.0, 16332.0, 16332.0)"
7.0,2.0,0.0,2250.0,7.0,2249.8660832348864,192.0,17.0,"(0.6458333333333334, 1.0, 0.020629339708384643, 0.020629339708384643, 0.1568118433615639, 0.002381282433647793, 0.0, 0.0, 0.1568118433615639, 0.002381282433647793, 0.0, 0.0, 0.0023454854304682873, 17777.0, 16332.0, 16332.0)",9.310118358224178,0.0,0.0,0,"(0.625, 1.0, 0.021233043336767392, 0.021233043336767392, 0.13514537479551736, 0.0023633839320580403, 0.0, 0.0, 0.13514537479551736, 0.0023633839320580403, 0.0, 0.0, 0.002367561134290109, 20472.0, 34109.0, 34109.0)"
7.0,2.0,0.0,2250.0,7.0,2249.8660832348864,192.0,18.0,"(0.625, 1.0, 0.021233043336767392, 0.021233043336767392, 0.13514537479551736, 0.0023633839320580403, 0.0, 0.0, 0.13514537479551736, 0.0023633839320580403, 0.0, 0.0, 0.002367561134290109, 20472.0, 34109.0, 34109.0)",10.063969992368925,0.0,0.0,0,"(0.6041666666666666, 1.0, 0.022097716961376457, 0.022097716961376457, 0.12315428871434479, 0.002364776332802063, 0.0, 0.0, 0.12315428871434479, 0.002364776332802063, 0.0, 0.0, 0.0023673633748834333, 17390.0, 54581.0, 54581.0)"
7.0,2.0,0.0,2250.0,7.0,2249.8660832348864,192.0,19.0,"(0.6041666666666666, 1.0, 0.022097716961376457, 0.022097716961376457, 0.12315428871434479, 0.002364776332802063, 0.0, 0.0, 0.12315428871434479, 0.002364776332802063, 0.0, 0.0, 0.0023673633748834333, 17390.0, 54581.0, 54581.0)",11.096861772614263,0.0,0.0,0,"(0.5833333333333334, 1.0, 0.023140863755190106, 0.023978038437458594, 0.11483283843335335, 0.0023654230933224055, 0.0, 0.0, 0.10083983679061652, 0.0023601366465472767, 0.0, 0.0, 0.0024396317793406084, 26546.0, 55639.0, 71971.0)"
7.0,2.0,0.0,2250.0,7.0,2249.8660832348864,192.0,20.0,"(0.5833333333333334, 1.0, 0.023140863755190106, 0.023978038437458594, 0.11483283843335335, 0.0023654230933224055, 0.0, 0.0, 0.10083983679061652, 0.0023601366465472767, 0.0, 0.0, 0.0024396317793406084, 26546.0, 55639.0, 71971.0)",12.14463644300482,1.0,0.4377329661409923,0,"(0.5625, 0.9977783098206057, 0.024438379207130618, 0.026575269787372763, 0.10907233596074599, 0.0023802648305260464, 7.534091765237701e-06, 0.0008362841859413849, 0.09169031007089844, 0.00239151876283805, 1.2556819608729503e-05, 0.0013938069765689748, 0.002369328787538584, 23466.0, 64408.0, 98517.0)"
7.0,2.0,0.0,2250.0,7.0,2249.8660832348864,192.0,21.0,"(0.5625, 0.9977783098206057, 0.024438379207130618, 0.026575269787372763, 0.10907233596074599, 0.0023802648305260464, 7.534091765237701e-06, 0.0008362841859413849, 0.09169031007089844, 0.00239151876283805, 1.2556819608729503e-05, 0.0013938069765689748, 0.002369328787538584, 23466.0, 64408.0, 98517.0)",13.559158262666063,1.0,0.5639782572087054,0,"(0.5416666666666666, 0.9945919356977639, 0.025719666673696573, 0.02934161638601669, 0.10341328783551308, 0.0023784421566948027, 1.3380884306481288e-05, 0.00184040188312525, 0.08367228695668139, 0.002392107980587542, 2.6761768612962576e-05, 0.0036808037662505, 0.0023642623854501473, 23931.0, 67402.0, 121983.0)"
7.0,2.0,0.0,2250.0,7.0,2249.8660832348864,192.0,22.0,"(0.5416666666666666, 0.9945919356977639, 0.025719666673696573, 0.02934161638601669, 0.10341328783551308, 0.0023784421566948027, 1.3380884306481288e-05, 0.00184040188312525, 0.08367228695668139, 0.002392107980587542, 2.6761768612962576e-05, 0.0036808037662505, 0.0023642623854501473, 23931.0, 67402.0, 121983.0)",15.003249469874847,2.0,1.8936595745678728,0,"(0.5208333333333334, 0.982796032838943, 0.027112802631904197, 0.032408721134189654, 0.09921831431157865, 0.002376416475088423, 2.3408416184807646e-05, 0.0048129798455704325, 0.07839894881587904, 0.002391074317443113, 5.461963776455118e-05, 0.011230286306331008, 0.002367695877246637, 18200.0, 73943.0, 145914.0)"
7.0,2.0,0.0,2250.0,7.0,2249.8660832348864,192.0,23.0,"(0.5208333333333334, 0.982796032838943, 0.027112802631904197, 0.032408721134189654, 0.09921831431157865, 0.002376416475088423, 2.3408416184807646e-05, 0.0048129798455704325, 0.07839894881587904, 0.002391074317443113, 5.461963776455118e-05, 0.011230286306331008, 0.002367695877246637, 18200.0, 73943.0, 145914.0)",16.490369802974115,0.0,1.3484772518820158,0,"(0.5, 0.9735673725027543, 0.028604224877512956, 0.03554730099481685, 0.09531774125972586, 0.0023753264003582, 2.048236416170669e-05, 0.007521796925313688, 0.07239341675802563, 0.0023670956834117894, 4.2062818155821674e-05, 0.018664318157600862, 0.000989413576440282, 9639.0, 65597.0, 164114.0)"
7.0,2.0,0.0,2250.0,7.0,2249.8660832348864,192.0,24.0,"(0.5, 0.9735673725027543, 0.028604224877512956, 0.03554730099481685, 0.09531774125972586, 0.0023753264003582, 2.048236416170669e-05, 0.007521796925313688, 0.07239341675802563, 0.0023670956834117894, 4.2062818155821674e-05, 0.018664318157600862, 0.000989413576440282, 9639.0, 65597.0, 164114.0)",17.760943073211983,0.0,0.0,0,"(0.4791666666666667, 0.9735673725027543, 0.02737852413634695, 0.03069623906164771, 0.09460384633377127, 0.0022213360865895424, 1.820654592151706e-05, 0.006686041711389945, 0.07698496333028763, 0.0019071239463790222, 2.7857869151588602e-05, 0.016377321367919334, 0.0009698948324725415, 9027.0, 51770.0, 173753.0)"
7.0,2.0,0.0,2250.0,7.0,2249.8660832348864,192.0,25.0,"(0.4791666666666667, 0.9735673725027543, 0.02737852413634695, 0.03069623906164771, 0.09460384633377127, 0.0022213360865895424, 1.820654592151706e-05, 0.006686041711389945, 0.07698496333028763, 0.0019071239463790222, 2.7857869151588602e-05, 0.016377321367919334, 0.0009698948324725415, 9027.0, 51770.0, 173753.0)",19.003119423060873,0.0,0.0034013983936024,0,"(0.4583333333333333, 0.9735392382861452, 0.02648377445564079, 0.0250160420443595, 0.0927083015137076, 0.002096191961177842, 1.6385891329365354e-05, 0.006028515417729625, 0.07751827165200849, 0.0014423347620531534, 0.0, 0.008864765086101076, 0.000973475189514245, 10653.0, 36866.0, 182780.0)"
7.0,2.0,0.0,2250.0,7.0,2249.8660832348864,192.0,26.0,"(0.4583333333333333, 0.9735392382861452, 0.02648377445564079, 0.0250160420443595, 0.0927083015137076, 0.002096191961177842, 1.6385891329365354e-05, 0.006028515417729625, 0.07751827165200849, 0.0014423347620531534, 0.0, 0.008864765086101076, 0.000973475189514245, 10653.0, 36866.0, 182780.0)",20.289129407953432,0.0,0.0031174970530653,0,"(0.4375, 0.9735115415891358, 0.025871700786535855, 0.018584969877263584, 0.09078596279811944, 0.0019941268001175154, 1.4896264844877594e-05, 0.00549753588362422, 0.07870122023383565, 0.0009775945328090228, 0.0, 9.95064391189718e-05, 0.0009710274142039482, 8158.0, 29319.0, 193433.0)"
7.0,2.0,0.0,2250.0,7.0,2249.8660832348864,192.0,27.0,"(0.4375, 0.9735115415891358, 0.025871700786535855, 0.018584969877263584, 0.09078596279811944, 0.0019941268001175154, 1.4896264844877594e-05, 0.00549753588362422, 0.07870122023383565, 0.0009775945328090228, 0.0, 9.95064391189718e-05, 0.0009710274142039482, 8158.0, 29319.0, 193433.0)",21.879013852245635,0.0,0.0028927886710036,0,"(0.4166666666666667, 0.9734838953645728, 0.025486152574847737, 0.01980903789035009, 0.08883745744929421, 0.0019088685179580514, 1.3654909441137795e-05, 0.005059837737238194, 0.07153829079586305, 0.0009714658120635782, 0.0, 0.00018122581478294175, 0.0009730462012629711, 13863.0, 27838.0, 201591.0)"
7.0,2.0,0.0,2250.0,7.0,2249.8660832348864,192.0,28.0,"(0.4166666666666667, 0.9734838953645728, 0.025486152574847737, 0.01980903789035009, 0.08883745744929421, 0.0019088685179580514, 1.3654909441137795e-05, 0.005059837737238194, 0.07153829079586305, 0.0009714658120635782, 0.0, 0.00018122581478294175, 0.0009730462012629711, 13863.0, 27838.0, 201591.0)",23.256094959353668,0.0,0.0386840280305599,0,"(0.3958333333333333, 0.97311096968085, 0.025266391211890987, 0.02120844706605832, 0.08700268790981845, 0.0018368821859045836, 1.2604531791819502e-05, 0.0048204371715301775, 0.06798397589685463, 0.0009725162683270547, 0.0, 0.0007935096841986832, 0.0009683136697799996, 12779.0, 32674.0, 215454.0)"
7.0,2.0,0.0,2250.0,7.0,2249.8660832348864,192.0,29.0,"(0.3958333333333333, 0.97311096968085, 0.025266391211890987, 0.02120844706605832, 0.08700268790981845, 0.0018368821859045836, 1.2604531791819502e-05, 0.0048204371715301775, 0.06798397589685463, 0.0009725162683270547, 0.0, 0.0007935096841986832, 0.0009683136697799996, 12779.0, 32674.0, 215454.0)",24.47710224722269,1.0,0.0495900636880656,0,"(0.375, 0.9726047446131999, 0.025154614175512235, 0.022525296601758976, 0.08530898726926688, 0.0017748415776099706, 1.729373555375224e-05, 0.0046549851094697435, 0.06522674366347413, 0.0009707957617489729, 2.6084461486292614e-05, 0.0015656322709033243, 0.0009681376082586957, 14145.0, 34800.0, 228233.0)"
7.0,2.0,0.0,2250.0,7.0,2249.8660832348864,192.0,30.0,"(0.375, 0.9726047446131999, 0.025154614175512235, 0.022525296601758976, 0.08530898726926688, 0.0017748415776099706, 1.729373555375224e-05, 0.0046549851094697435, 0.06522674366347413, 0.0009707957617489729, 2.6084461486292614e-05, 0.0015656322709033243, 0.0009681376082586957, 14145.0, 34800.0, 228233.0)",25.685593563212315,0.0,0.18337162925744083,0,"(0.3541666666666667, 0.9706445736375631, 0.025135452505077642, 0.02373265222599727, 0.08365880892170811, 0.0017210613129865521, 1.614081985016876e-05, 0.0049102236419384625, 0.06294421481136377, 0.0009698324931005555, 2.6084461486292614e-05, 0.004311767260739532, 0.0009629635696115393, 12975.0, 40787.0, 242378.0)"
7.0,2.0,0.0,2250.0,7.0,2249.8660832348864,192.0,31.0,"(0.3541666666666667, 0.9706445736375631, 0.025135452505077642, 0.02373265222599727, 0.08365880892170811, 0.0017210613129865521, 1.614081985016876e-05, 0.0049102236419384625, 0.06294421481136377, 0.0009698324931005555, 2.6084461486292614e-05, 0.004311767260739532, 0.0009629635696115393, 12975.0, 40787.0, 242378.0)",27.07069965386879,0.0,0.1060216476694165,0,"(0.3333333333333333, 0.9694483002906915, 0.025193742821671, 0.024878933130717717, 0.08229470892436438, 0.0016736802040256138, 1.513201860953321e-05, 0.00491643678377781, 0.06189346665406342, 0.0009664716158834115, 2.6084461486292614e-05, 0.005332435103517545, 0.007897548202521481, 13040.0, 39899.0, 255353.0)"
7.0,2.0,0.0,2250.0,7.0,2249.8660832348864,192.0,32.0,"(0.3333333333333333, 0.9694483002906915, 0.025193742821671, 0.024878933130717717, 0.08229470892436438, 0.0016736802040256138, 1.513201860953321e-05, 0.00491643678377781, 0.06189346665406342, 0.0009664716158834115, 2.6084461486292614e-05, 0.005332435103517545, 0.007897548202521481, 13040.0, 39899.0, 255353.0)",28.444970576885005,87.0,91.42596077157383,0,"(0.3125, 0.19516728792518462, 0.03692620067041121, 0.09186027097993976, 0.08425041282355962, 0.0020397900862900767, 0.00040669949640334264, 0.05611135587589049, 0.07931039874359246, 0.0032762164601305723, 0.002223926380368098, 0.29624108611918726, 0.008122992708772224, 11121.0, 40160.0, 268393.0)"
7.0,2.0,0.0,2250.0,7.0,2249.8660832348864,192.0,33.0,"(0.3125, 0.19516728792518462, 0.03692620067041121, 0.09186027097993976, 0.08425041282355962, 0.0020397900862900767, 0.00040669949640334264, 0.05611135587589049, 0.07931039874359246, 0.0032762164601305723, 0.002223926380368098, 0.29624108611918726, 0.008122992708772224, 11121.0, 40160.0, 268393.0)",8.026818457907202,38.0,27.88229007570977,0,"(0.2916666666666667, 0.11089824638318245, 0.038497066622511615, 0.10530513720968147, 0.08448367559632299, 0.002377745787539085, 0.0005739361303016653, 0.06623227631322237, 0.08860800896939726, 0.005661168160301748, 0.0033629126825591477, 0.3728425396696419, 0.007875607008645341, 10805.0, 37136.0, 279514.0)"
7.0,2.0,0.0,2250.0,7.0,2249.8660832348864,192.0,34.0,"(0.2916666666666667, 0.11089824638318245, 0.038497066622511615, 0.10530513720968147, 0.08448367559632299, 0.002377745787539085, 0.0005739361303016653, 0.06623227631322237, 0.08860800896939726, 0.005661168160301748, 0.0033629126825591477, 0.3728425396696419, 0.007875607008645341, 10805.0, 37136.0, 279514.0)",6.135795841423498,3.0,2.1526617599302105,0,"(0.2708333333333333, 0.10545467580829924, 0.039014227154607416, 0.11272347693026831, 0.08435383744734859, 0.002667106904439414, 0.0005583420832576092, 0.06408103178430365, 0.0953358562365977, 0.007965382639979682, 0.0034554624280473483, 0.37962553845377484, 0.00798867609876597, 8911.0, 34966.0, 290319.0)"
7.0,2.0,0.0,2250.0,7.0,2249.8660832348864,192.0,35.0,"(0.2708333333333333, 0.10545467580829924, 0.039014227154607416, 0.11272347693026831, 0.08435383744734859, 0.002667106904439414, 0.0005583420832576092, 0.06408103178430365, 0.0953358562365977, 0.007965382639979682, 0.0034554624280473483, 0.37962553845377484, 0.00798867609876597, 8911.0, 34966.0, 290319.0)",6.122153641728304,8.0,6.4890319665526865,0,"(0.25, 0.08961305741599486, 0.039508910920409444, 0.05414426900373275, 0.08420275827069451, 0.002933185364155742, 0.0005753133193483479, 0.06476543266955823, 0.0839327158044589, 0.007995758605394511, 0.001530791649370044, 0.11380520116700876, 0.007958457213962773, 10844.0, 30837.0, 299230.0)"
7.0,2.0,0.0,2250.0,7.0,2249.8660832348864,192.0,36.0,"(0.25, 0.08961305741599486, 0.039508910920409444, 0.05414426900373275, 0.08420275827069451, 0.002933185364155742, 0.0005753133193483479, 0.06476543266955823, 0.0839327158044589, 0.007995758605394511, 0.001530791649370044, 0.11380520116700876, 0.007958457213962773, 10844.0, 30837.0, 299230.0)",5.8525553843444555,12.0,11.11857123643755,0,"(0.22916666666666666, 0.06353775959238919, 0.039845501429849606, 0.04793611027387753, 0.08376570339633803, 0.0031724840236703627, 0.0006006128150755725, 0.06644590397750692, 0.07945787019642836, 0.007940913440458027, 0.0007606729237190162, 0.0677276699632143, 0.007917794508077076, 10493.0, 30560.0, 310074.0)"
7.0,2.0,0.0,2250.0,7.0,2249.8660832348864,192.0,37.0,"(0.22916666666666666, 0.06353775959238919, 0.039845501429849606, 0.04793611027387753, 0.08376570339633803, 0.0031724840236703627, 0.0006006128150755725, 0.06644590397750692, 0.07945787019642836, 0.007940913440458027, 0.0007606729237190162, 0.0677276699632143, 0.007917794508077076, 10493.0, 30560.0, 310074.0)",5.410987782496258,11.0,6.92339708898559,0,"(0.20833333333333334, 0.04829826263536652, 0.03998175542610739, 0.046109434478940586, 0.08306716948182932, 0.0033881799547797586, 0.000620963047401071, 0.06677852022194702, 0.07491827236687397, 0.007954975940268606, 0.0010175624869763293, 0.08386261366035509, 0.008068871982381787, 12689.0, 30248.0, 320567.0)"
7.0,2.0,0.0,2250.0,7.0,2249.8660832348864,192.0,38.0,"(0.20833333333333334, 0.04829826263536652, 0.03998175542610739, 0.046109434478940586, 0.08306716948182932, 0.0033881799547797586, 0.000620963047401071, 0.06677852022194702, 0.07491827236687397, 0.007954975940268606, 0.0010175624869763293, 0.08386261366035509, 0.008068871982381787, 12689.0, 30248.0, 320567.0)",5.154752343176817,13.0,14.088050936169473,0,"(0.1875, 0.01938396275395558, 0.04005181113618865, 0.04367114590805004, 0.08251845757553877, 0.003591688303805934, 0.0006385085417577984, 0.06820614276699191, 0.07128978627450054, 0.00798170790147388, 0.0010598100244874685, 0.0911442100832165, 0.008041174430197027, 12292.0, 34026.0, 333256.0)"
7.0,2.0,0.0,2250.0,7.0,2249.8660832348864,192.0,39.0,"(0.1875, 0.01938396275395558, 0.04005181113618865, 0.04367114590805004, 0.08251845757553877, 0.003591688303805934, 0.0006385085417577984, 0.06820614276699191, 0.07128978627450054, 0.00798170790147388, 0.0010598100244874685, 0.0911442100832165, 0.008041174430197027, 12292.0, 34026.0, 333256.0)",4.330062506604848,8.0,4.233790039559073,0,"(0.16666666666666666, 0.01181893403744112, 0.03983376850173353, 0.03975163800492101, 0.08190584580101011, 0.0037770835590722296, 0.0006390219278514404, 0.06669638741496124, 0.0688868426337146, 0.008009280306885297, 0.0009078857172825152, 0.06844977147714143, 0.00972890616952016, 13441.0, 35474.0, 345548.0)"
7.0,2.0,0.0,2250.0,7.0,2249.8660832348864,192.0,40.0,"(0.16666666666666666, 0.01181893403744112, 0.03983376850173353, 0.03975163800492101, 0.08190584580101011, 0.0037770835590722296, 0.0006390219278514404, 0.06669638741496124, 0.0688868426337146, 0.008009280306885297, 0.0009078857172825152, 0.06844977147714143, 0.00972890616952016, 13441.0, 35474.0, 345548.0)",3.9832159278784873,1.0,1.6037527421370765,0,"(0.14583333333333334, 0.009151547245483862, 0.03979051112227491, 0.038388052894169994, 0.08224927544193598, 0.004015156463490146, 0.0006164370197873047, 0.06441540789485263, 0.07625138581605138, 0.008612984194032992, 0.0005832461506196846, 0.047085917496160416, 0.00989402531293068, 13532.0, 38422.0, 358989.0)"
7.0,2.0,0.0,2250.0,7.0,2249.8660832348864,192.0,41.0,"(0.14583333333333334, 0.009151547245483862, 0.03979051112227491, 0.038388052894169994, 0.08224927544193598, 0.004015156463490146, 0.0006164370197873047, 0.06441540789485263, 0.07625138581605138, 0.008612984194032992, 0.0005832461506196846, 0.047085917496160416, 0.00989402531293068, 13532.0, 38422.0, 358989.0)",3.6017322938259704,1.0,2.7597743981189167,0,"(0.125, 0.005066021333399843, 0.03963070802086103, 0.036402250803349245, 0.08222429954144106, 0.004241266803853244, 0.0005955701692684155, 0.06247508041004982, 0.07996908794669194, 0.00922136863754929, 0.00026637598018314684, 0.018536935673493734, 0.00965592151114326, 16755.0, 39265.0, 372521.0)"
7.0,2.0,0.0,2250.0,7.0,2249.8660832348864,192.0,42.0,"(0.125, 0.005066021333399843, 0.03963070802086103, 0.036402250803349245, 0.08222429954144106, 0.004241266803853244, 0.0005955701692684155, 0.06247508041004982, 0.07996908794669194, 0.00922136863754929, 0.00026637598018314684, 0.018536935673493734, 0.00965592151114326, 16755.0, 39265.0, 372521.0)",3.239647999239477,0.0,0.4522116261169004,0,"(0.10416666666666667, 0.004452192698393184, 0.03932148871654723, 0.0352232504350569, 0.08213725100261914, 0.004441809570789911, 0.0005735120148510668, 0.06022750373913813, 0.08398849261549146, 0.009759617664531367, 4.943271084807794e-05, 0.008476434332553207, 0.009923478514980034, 15404.0, 43728.0, 389276.0)"
7.0,2.0,0.0,2250.0,7.0,2249.8660832348864,192.0,43.0,"(0.10416666666666667, 0.004452192698393184, 0.03932148871654723, 0.0352232504350569, 0.08213725100261914, 0.004441809570789911, 0.0005735120148510668, 0.06022750373913813, 0.08398849261549146, 0.009759617664531367, 4.943271084807794e-05, 0.008476434332553207, 0.009923478514980034, 15404.0, 43728.0, 389276.0)",3.2384486211351873,5.0,3.2162166796196403,0,"(0.08333333333333333, 8.649621091617373e-05, 0.039064888237874185, 0.03301803086786815, 0.08200704315299444, 0.0046375834616538434, 0.0005646219791535536, 0.058512400826170985, 0.07998844074514837, 0.009824475113017992, 0.00013282997387229425, 0.009320675253823891, 0.009835283051664638, 7701.0, 45691.0, 404680.0)"
7.0,2.0,0.0,2250.0,7.0,2249.8660832348864,192.0,44.0,"(0.08333333333333333, 8.649621091617373e-05, 0.039064888237874185, 0.03301803086786815, 0.08200704315299444, 0.0046375834616538434, 0.0005646219791535536, 0.058512400826170985, 0.07998844074514837, 0.009824475113017992, 0.00013282997387229425, 0.009320675253823891, 0.009835283051664638, 7701.0, 45691.0, 404680.0)",2.2481155304570386,0.0,0.0277324748741899,0,"(0.0625, 5.9518562272220925e-05, 0.03848026631846088, 0.028509771564326197, 0.08166566173025114, 0.004816814481999044, 0.0005451522557344654, 0.05650368722980713, 0.07682413403327173, 0.009804894359262644, 0.00010819700510689865, 0.004751613001037211, 0.009717847377361392, 6571.0, 39860.0, 412381.0)"
7.0,2.0,0.0,2250.0,7.0,2249.8660832348864,192.0,45.0,"(0.0625, 5.9518562272220925e-05, 0.03848026631846088, 0.028509771564326197, 0.08166566173025114, 0.004816814481999044, 0.0005451522557344654, 0.05650368722980713, 0.07682413403327173, 0.009804894359262644, 0.00010819700510689865, 0.004751613001037211, 0.009717847377361392, 6571.0, 39860.0, 412381.0)",1.9534102988546322,0.0,0.0,0,"(0.041666666666666664, 5.9518562272220925e-05, 0.037830355546166684, 0.024410157012741702, 0.08137883593481793, 0.004980182245177789, 0.0005269805138766499, 0.05462023098881356, 0.07455310032460695, 0.009825536314668688, 0.00010819700510689865, 0.004154776235892479, 0.00970456704540197, 6502.0, 29676.0, 418952.0)"
7.0,2.0,0.0,2250.0,7.0,2249.8660832348864,192.0,46.0,"(0.041666666666666664, 5.9518562272220925e-05, 0.037830355546166684, 0.024410157012741702, 0.08137883593481793, 0.004980182245177789, 0.0005269805138766499, 0.05462023098881356, 0.07455310032460695, 0.009825536314668688, 0.00010819700510689865, 0.004154776235892479, 0.00970456704540197, 6502.0, 29676.0, 418952.0)",1.9789896622181373,0.0,0.0,0,"(0.020833333333333332, 5.9518562272220925e-05, 0.03722954529819852, 0.020099677861225556, 0.08117410918819665, 0.00513258175486244, 0.0005099811424612742, 0.05285828805369054, 0.0734000588500839, 0.009752565824809333, 0.0, 8.656884387309007e-05, 0.009701195470121143, 6478.0, 20774.0, 425454.0)"
7.0,2.0,0.0,2250.0,7.0,2249.8660832348864,192.0,47.0,"(0.020833333333333332, 5.9518562272220925e-05, 0.03722954529819852, 0.020099677861225556, 0.08117410918819665, 0.00513258175486244, 0.0005099811424612742, 0.05285828805369054, 0.0734000588500839, 0.009752565824809333, 0.0, 8.656884387309007e-05, 0.009701195470121143, 6478.0, 20774.0, 425454.0)",1.9777975619537982,0.0,0.0,1,
7.0,3.0,0.0,900.0,10.0,771.9128574780257,100.0,16.0,"(0.6666666666666666, 1.0, 0.0, 0.0, 0.0, 0.0, 0.0, 0.0, 0.0, 0.0, 0.0, 0.0, 0.0023312594183556904, 16332.0, 0.0, 0.0)",5.649850654065471,0.0,0.0,0,"(0.6458333333333334, 1.0, 0.013171267549593187, 0.013171267549593187, 0.1568118433615639, 0.0023312594183556904, 0.0, 0.0, 0.1568118433615639, 0.0023312594183556904, 0.0, 0.0, 0.0023668123818866944, 17777.0, 16332.0, 16332.0)"
7.0,3.0,0.0,900.0,10.0,771.9128574780257,100.0,17.0,"(0.6458333333333334, 1.0, 0.013171267549593187, 0.013171267549593187, 0.1568118433615639, 0.0023312594183556904, 0.0, 0.0, 0.1568118433615639, 0.0023312594183556904, 0.0, 0.0, 0.0023668123818866944, 17777.0, 16332.0, 16332.0)",5.6498506540654665,0.0,0.0,0,"(0.625, 1.0, 0.013271702016722984, 0.013271702016722984, 0.13514537479551736, 0.002349035900121192, 0.0, 0.0, 0.13514537479551736, 0.002349035900121192, 0.0, 0.0, 0.002339202710024878, 20472.0, 34109.0, 34109.0)"
7.0,3.0,0.0,900.0,10.0,771.9128574780257,100.0,18.0,"(0.625, 1.0, 0.013271702016722984, 0.013271702016722984, 0.13514537479551736, 0.002349035900121192, 0.0, 0.0, 0.13514537479551736, 0.002349035900121192, 0.0, 0.0, 0.002339202710024878, 20472.0, 34109.0, 34109.0)",5.649850654065469,0.0,0.0,0,"(0.6041666666666666, 1.0, 0.013253183331557249, 0.013253183331557249, 0.12315428871434479, 0.0023457581700890877, 0.0, 0.0, 0.12315428871434479, 0.0023457581700890877, 0.0, 0.0, 0.002380279881738027, 17390.0, 54581.0, 54581.0)"
7.0,3.0,0.0,900.0,10.0,771.9128574780257,100.0,19.0,"(0.6041666666666666, 1.0, 0.013253183331557249, 0.013253183331557249, 0.12315428871434479, 0.0023457581700890877, 0.0, 0.0, 0.12315428871434479, 0.0023457581700890877, 0.0, 0.0, 0.002380279881738027, 17390.0, 54581.0, 54581.0)",5.649850654065461,0.0,0.0,0,"(0.5833333333333334, 1.0, 0.013301943960342049, 0.013345502763925002, 0.11483283843335335, 0.0023543885980013227, 0.0, 0.0, 0.10083983679061652, 0.0023620983245498666, 0.0, 0.0, 0.002333927139351994, 26546.0, 55639.0, 71971.0)"
7.0,3.0,0.0,900.0,10.0,771.9128574780257,100.0,20.0,"(0.5833333333333334, 1.0, 0.013301943960342049, 0.013345502763925002, 0.11483283843335335, 0.0023543885980013227, 0.0, 0.0, 0.10083983679061652, 0.0023620983245498666, 0.0, 0.0, 0.002333927139351994, 26546.0, 55639.0, 71971.0)",5.649850654065474,0.0,0.0,0,"(0.5625, 1.0, 0.013278823123235445, 0.013283570527577082, 0.10907233596074599, 0.002350296306271457, 0.0, 0.0, 0.09169031007089844, 0.0023511365770382997, 0.0, 0.0, 0.002357313372633787, 23466.0, 64408.0, 98517.0)"
7.0,3.0,0.0,900.0,10.0,771.9128574780257,100.0,21.0,"(0.5625, 1.0, 0.013278823123235445, 0.013283570527577082, 0.10907233596074599, 0.002350296306271457, 0.0, 0.0, 0.09169031007089844, 0.0023511365770382997, 0.0, 0.0, 0.002357313372633787, 23466.0, 64408.0, 98517.0)",5.649850654065469,0.0,0.0,0,"(0.5416666666666666, 1.0, 0.013285430686064916, 0.013317678040572581, 0.10341328783551308, 0.002351465817331845, 0.0, 0.0, 0.08367228695668139, 0.002357173464574603, 0.0, 0.0, 0.0023371926002776875, 23931.0, 67402.0, 121983.0)"
7.0,3.0,0.0,900.0,10.0,771.9128574780257,100.0,22.0,"(0.5416666666666666, 1.0, 0.013285430686064916, 0.013317678040572581, 0.10341328783551308, 0.002351465817331845, 0.0, 0.0, 0.08367228695668139, 0.002357173464574603, 0.0, 0.0, 0.0023371926002776875, 23931.0, 67402.0, 121983.0)",5.649850654065471,0.0,0.0,0,"(0.5208333333333334, 1.0, 0.013273910465392195, 0.013236532472125723, 0.09921831431157865, 0.002349426786324108, 0.0, 0.0, 0.07839894881587904, 0.002342811037421156, 0.0, 0.0, 0.0023464646055190554, 18200.0, 73943.0, 145914.0)"
7.0,3.0,0.0,900.0,10.0,771.9128574780257,100.0,23.0,"(0.5208333333333334, 1.0, 0.013273910465392195, 0.013236532472125723, 0.09921831431157865, 0.002349426786324108, 0.0, 0.0, 0.07839894881587904, 0.002342811037421156, 0.0, 0.0, 0.0023464646055190554, 18200.0, 73943.0, 145914.0)",5.64985065406547,0.0,0.0,0,"(0.5, 1.0, 0.013271818480497334, 0.013260144075933818, 0.09531774125972586, 0.0023490565137234765, 0.0, 0.0, 0.07239341675802563, 0.0023469901928101764, 0.0, 0.0, 0.0017672592352124584, 9639.0, 65597.0, 164114.0)"
7.0,3.0,0.0,900.0,10.0,771.9128574780257,100.0,24.0,"(0.5, 1.0, 0.013271818480497334, 0.013260144075933818, 0.09531774125972586, 0.0023490565137234765, 0.0, 0.0, 0.07239341675802563, 0.0023469901928101764, 0.0, 0.0, 0.0017672592352124584, 9639.0, 65597.0, 164114.0)",5.649850654065501,0.0,0.0,0,"(0.4791666666666667, 1.0, 0.012906588732216343, 0.012148904824519196, 0.09460384633377127, 0.002284412371666697, 0.0, 0.0, 0.07698496333028763, 0.0021503054803364004, 0.0, 0.0, 0.0017493453829442829, 9027.0, 51770.0, 173753.0)"
7.0,3.0,0.0,900.0,10.0,771.9128574780257,100.0,25.0,"(0.4791666666666667, 1.0, 0.012906588732216343, 0.012148904824519196, 0.09460384633377127, 0.002284412371666697, 0.0, 0.0, 0.07698496333028763, 0.0021503054803364004, 0.0, 0.0, 0.0017493453829442829, 9027.0, 51770.0, 173753.0)",5.649850654065504,0.0,0.0,0,"(0.4583333333333333, 1.0, 0.01260428387459613, 0.011041821829405314, 0.0927083015137076, 0.0022309056727944556, 0.0, 0.0, 0.07751827165200849, 0.0019543564078919324, 0.0, 0.0, 0.0017452282862391404, 10653.0, 36866.0, 182780.0)"
7.0,3.0,0.0,900.0,10.0,771.9128574780257,100.0,26.0,"(0.4583333333333333, 1.0, 0.01260428387459613, 0.011041821829405314, 0.0927083015137076, 0.0022309056727944556, 0.0, 0.0, 0.07751827165200849, 0.0019543564078919324, 0.0, 0.0, 0.0017452282862391404, 10653.0, 36866.0, 182780.0)",5.649850654065505,0.0,0.0,0,"(0.4375, 1.0, 0.012354828901860286, 0.009909523358828153, 0.09078596279811944, 0.0021867531831076086, 0.0, 0.0, 0.07870122023383565, 0.001753944301465294, 0.0, 0.0, 0.0018254638307555293, 8158.0, 29319.0, 193433.0)"
7.0,3.0,0.0,900.0,10.0,771.9128574780257,100.0,27.0,"(0.4375, 1.0, 0.012354828901860286, 0.009909523358828153, 0.09078596279811944, 0.0021867531831076086, 0.0, 0.0, 0.07870122023383565, 0.001753944301465294, 0.0, 0.0, 0.0018254638307555293, 8158.0, 29319.0, 193433.0)",5.649850654065485,0.0,0.0,0,"(0.4166666666666667, 1.0, 0.01218472632821918, 0.010019139116227689, 0.08883745744929421, 0.0021566457370782686, 0.0, 0.0, 0.07153829079586305, 0.0017733458333129843, 0.0, 0.0, 0.0017664701294971604, 13863.0, 27838.0, 201591.0)"
7.0,3.0,0.0,900.0,10.0,771.9128574780257,100.0,28.0,"(0.4166666666666667, 1.0, 0.01218472632821918, 0.010019139116227689, 0.08883745744929421, 0.0021566457370782686, 0.0, 0.0, 0.07153829079586305, 0.0017733458333129843, 0.0, 0.0, 0.0017664701294971604, 13863.0, 27838.0, 201591.0)",5.649850654065503,0.0,0.0,0,"(0.3958333333333333, 1.0, 0.01201515448885822, 0.010051389869731848, 0.08700268790981845, 0.002126632228802799, 0.0, 0.0, 0.06798397589685463, 0.0017790540821639434, 0.0, 0.0, 0.0017476799194927305, 12779.0, 32674.0, 215454.0)"
7.0,3.0,0.0,900.0,10.0,771.9128574780257,100.0,29.0,"(0.3958333333333333, 1.0, 0.01201515448885822, 0.010051389869731848, 0.08700268790981845, 0.002126632228802799, 0.0, 0.0, 0.06798397589685463, 0.0017790540821639434, 0.0, 0.0, 0.0017476799194927305, 12779.0, 32674.0, 215454.0)",5.649850654065507,0.0,0.0,0,"(0.375, 1.0, 0.011862224206528573, 0.010056006990312292, 0.08530898726926688, 0.0020995642067092226, 0.0, 0.0, 0.06522674366347413, 0.0017798712932484736, 0.0, 0.0, 0.0017635906137064689, 14145.0, 34800.0, 228233.0)"
7.0,3.0,0.0,900.0,10.0,771.9128574780257,100.0,30.0,"(0.375, 1.0, 0.011862224206528573, 0.010056006990312292, 0.08530898726926688, 0.0020995642067092226, 0.0, 0.0, 0.06522674366347413, 0.0017798712932484736, 0.0, 0.0, 0.0017635906137064689, 14145.0, 34800.0, 228233.0)",5.649850654065504,0.0,0.0,0,"(0.3541666666666667, 1.0, 0.011735677498250219, 0.009939482178374379, 0.08365880892170811, 0.0020771659671757056, 0.0, 0.0, 0.06294421481136377, 0.0017592468875654533, 0.0, 0.0, 0.0017582660758754115, 12975.0, 40787.0, 242378.0)"
7.0,3.0,0.0,900.0,10.0,771.9128574780257,100.0,31.0,"(0.3541666666666667, 1.0, 0.011735677498250219, 0.009939482178374379, 0.08365880892170811, 0.0020771659671757056, 0.0, 0.0, 0.06294421481136377, 0.0017592468875654533, 0.0, 0.0, 0.0017582660758754115, 12975.0, 40787.0, 242378.0)",5.6498506540655,0.0,0.0,0,"(0.3333333333333333, 1.0, 0.011623068950784948, 0.009924031619134103, 0.08229470892436438, 0.002057234723969437, 0.0, 0.0, 0.06189346665406342, 0.0017565122030248704, 0.0, 0.0, 0.004279493103199942, 13040.0, 39899.0, 255353.0)"
7.0,3.0,0.0,900.0,10.0,771.9128574780257,100.0,32.0,"(0.3333333333333333, 1.0, 0.011623068950784948, 0.009924031619134103, 0.08229470892436438, 0.002057234723969437, 0.0, 0.0, 0.06189346665406342, 0.0017565122030248704, 0.0, 0.0, 0.004279493103199942, 13040.0, 39899.0, 255353.0)",5.649850654065427,0.0,0.0,0,"(0.3125, 1.0, 0.012361623536514224, 0.014692153743113945, 0.08425041282355962, 0.0021879558051006434, 0.0, 0.0, 0.07931039874359246, 0.0026004499309272744, 0.0, 0.0, 0.004333075661310482, 11121.0, 40160.0, 268393.0)"
7.0,3.0,0.0,900.0,10.0,771.9128574780257,100.0,33.0,"(0.3125, 1.0, 0.012361623536514224, 0.014692153743113945, 0.08425041282355962, 0.0021879558051006434, 0.0, 0.0, 0.07931039874359246, 0.0026004499309272744, 0.0, 0.0, 0.004333075661310482, 11121.0, 40160.0, 268393.0)",5.667884350195496,0.0,0.0230688005249251,0,"(0.2916666666666667, 0.9998589563117083, 0.013039276213872028, 0.019557269791981077, 0.08448367559632299, 0.0023071291304456345, 0.0, 9.991107913956579e-06, 0.08860800896939726, 0.003456944946795279, 0.0, 5.994664748373947e-05, 0.004332522480563648, 10805.0, 37136.0, 279514.0)"
7.0,3.0,0.0,900.0,10.0,771.9128574780257,100.0,34.0,"(0.2916666666666667, 0.9998589563117083, 0.013039276213872028, 0.019557269791981077, 0.08448367559632299, 0.0023071291304456345, 0.0, 9.991107913956579e-06, 0.08860800896939726, 0.003456944946795279, 0.0, 5.994664748373947e-05, 0.004332522480563648, 10805.0, 37136.0, 279514.0)",5.693191771141122,0.0,0.0151566168181481,0,"(0.2708333333333333, 0.99977914494315, 0.01365120279917502, 0.024467916657255413, 0.08435383744734859, 0.0024137287804518455, 0.0, 2.407837783767464e-05, 0.0953358562365977, 0.00431503041502469, 0.0, 0.00015249639297193937, 0.004290338598556914, 8911.0, 34966.0, 290319.0)"
7.0,3.0,0.0,900.0,10.0,771.9128574780257,100.0,35.0,"(0.2708333333333333, 0.99977914494315, 0.01365120279917502, 0.024467916657255413, 0.08435383744734859, 0.0024137287804518455, 0.0, 2.407837783767464e-05, 0.0953358562365977, 0.00431503041502469, 0.0, 0.00015249639297193937, 0.004290338598556914, 8911.0, 34966.0, 290319.0)",5.737080703844048,0.0,0.0,0,"(0.25, 0.99977914494315, 0.014199343598553179, 0.024613090616773917, 0.08420275827069451, 0.002507559271357099, 0.0, 2.2874458945790908e-05, 0.0839327158044589, 0.004318645580143682, 0.0, 0.00015249639297193937, 0.004277066334880205, 10844.0, 30837.0, 299230.0)"
7.0,3.0,0.0,900.0,10.0,771.9128574780257,100.0,36.0,"(0.25, 0.99977914494315, 0.014199343598553179, 0.024613090616773917, 0.08420275827069451, 0.002507559271357099, 0.0, 2.2874458945790908e-05, 0.0839327158044589, 0.004318645580143682, 0.0, 0.00015249639297193937, 0.004277066334880205, 10844.0, 30837.0, 299230.0)",5.778364563382334,0.0,0.011210530565463,0,"(0.22916666666666666, 0.9997101813548791, 0.014700062881703377, 0.024664782888691474, 0.08376570339633803, 0.002591821512477247, 0.0, 2.6176479669086844e-05, 0.07945787019642836, 0.004299975804666923, 0.0, 0.00012328871019986844, 0.0042749190552483374, 10493.0, 30560.0, 310074.0)"
7.0,3.0,0.0,900.0,10.0,771.9128574780257,100.0,37.0,"(0.22916666666666666, 0.9997101813548791, 0.014700062881703377, 0.024664782888691474, 0.08376570339633803, 0.002591821512477247, 0.0, 2.6176479669086844e-05, 0.07945787019642836, 0.004299975804666923, 0.0, 0.00012328871019986844, 0.0042749190552483374, 10493.0, 30560.0, 310074.0)",5.860169768692294,0.0,0.009807598149905,0,"(0.20833333333333334, 0.9996479818556113, 0.015170594178497449, 0.02479340624753949, 0.08306716948182932, 0.0026683259462395694, 0.0, 2.9318531941304125e-05, 0.07491827236687397, 0.004280774662895152, 0.0, 6.250617459762423e-05, 0.004290959581410379, 12689.0, 30248.0, 320567.0)"
7.0,3.0,0.0,900.0,10.0,771.9128574780257,100.0,38.0,"(0.20833333333333334, 0.9996479818556113, 0.015170594178497449, 0.02479340624753949, 0.08306716948182932, 0.0026683259462395694, 0.0, 2.9318531941304125e-05, 0.07491827236687397, 0.004280774662895152, 0.0, 6.250617459762423e-05, 0.004290959581410379, 12689.0, 30248.0, 320567.0)",5.97148062576301,0.0,0.0,0,"(0.1875, 0.9996479818556113, 0.015625063214489917, 0.025129860654068165, 0.08251845757553877, 0.0027388752347252566, 0.0, 3.147026606293907e-05, 0.07128978627450054, 0.00428098165717964, 0.0, 8.87756468439268e-05, 0.004287173276783184, 12292.0, 34026.0, 333256.0)"
7.0,3.0,0.0,900.0,10.0,771.9128574780257,100.0,39.0,"(0.1875, 0.9996479818556113, 0.015625063214489917, 0.025129860654068165, 0.08251845757553877, 0.0027388752347252566, 0.0, 3.147026606293907e-05, 0.07128978627450054, 0.00428098165717964, 0.0, 8.87756468439268e-05, 0.004287173276783184, 12292.0, 34026.0, 333256.0)",6.171881701963423,0.0,0.0,0,"(0.16666666666666666, 0.9996479818556113, 0.016076515843058033, 0.02571168657254062, 0.08190584580101011, 0.002803387653144337, 0.0, 3.0159004976983273e-05, 0.0688868426337146, 0.004284350637813967, 0.0, 5.803668213225829e-05, 0.007469057535972284, 13441.0, 35474.0, 345548.0)"
7.0,3.0,0.0,900.0,10.0,771.9128574780257,100.0,40.0,"(0.16666666666666666, 0.9996479818556113, 0.016076515843058033, 0.02571168657254062, 0.08190584580101011, 0.002803387653144337, 0.0, 3.0159004976983273e-05, 0.0688868426337146, 0.004284350637813967, 0.0, 5.803668213225829e-05, 0.007469057535972284, 13441.0, 35474.0, 345548.0)",6.434977071777553,9.0,9.443764479503363,0,"(0.14583333333333334, 0.9387969976741053, 0.01735598376900647, 0.03338217409940598, 0.08224927544193598, 0.002990014448457455, 2.6783721449296927e-05, 0.0028858829327029095, 0.07625138581605138, 0.0053490634647219495, 0.00022319767874414106, 0.023834021871621352, 0.007499619156076993, 13532.0, 38422.0, 358989.0)"
7.0,3.0,0.0,900.0,10.0,771.9128574780257,100.0,41.0,"(0.14583333333333334, 0.9387969976741053, 0.01735598376900647, 0.03338217409940598, 0.08224927544193598, 0.002990014448457455, 2.6783721449296927e-05, 0.0028858829327029095, 0.07625138581605138, 0.0053490634647219495, 0.00022319767874414106, 0.023834021871621352, 0.007499619156076993, 13532.0, 38422.0, 358989.0)",6.625642236359985,18.0,18.40717806094026,0,"(0.125, 0.8181177394970277, 0.018599591833164612, 0.04140431124300395, 0.08222429954144106, 0.003163460783365899, 7.691435959860715e-05, 0.007657899782093142, 0.07996908794669194, 0.006418616656277487, 0.000666591116521262, 0.0661271927383247, 0.007330369380878588, 16755.0, 39265.0, 372521.0)"
7.0,3.0,0.0,900.0,10.0,771.9128574780257,100.0,42.0,"(0.125, 0.8181177394970277, 0.018599591833164612, 0.04140431124300395, 0.08222429954144106, 0.003163460783365899, 7.691435959860715e-05, 0.007657899782093142, 0.07996908794669194, 0.006418616656277487, 0.000666591116521262, 0.0661271927383247, 0.007330369380878588, 16755.0, 39265.0, 372521.0)",7.007511849684745,8.0,7.74233889345283,0,"(0.10416666666666667, 0.7620961880093156, 0.019813223628198255, 0.04970688590932002, 0.08213725100261914, 0.003317790731421924, 9.174973191405824e-05, 0.009578148882198205, 0.08398849261549146, 0.0074330153576426215, 0.0008257475872265242, 0.08596206789996798, 0.007329114831066536, 15404.0, 43728.0, 389276.0)"
7.0,3.0,0.0,900.0,10.0,771.9128574780257,100.0,43.0,"(0.10416666666666667, 0.7620961880093156, 0.019813223628198255, 0.04970688590932002, 0.08213725100261914, 0.003317790731421924, 9.174973191405824e-05, 0.009578148882198205, 0.08398849261549146, 0.0074330153576426215, 0.0008257475872265242, 0.08596206789996798, 0.007329114831066536, 15404.0, 43728.0, 389276.0)",7.786124575108842,15.0,16.66079589774335,0,"(0.08333333333333333, 0.6311217529365101, 0.021143658537904095, 0.05270761494538431, 0.08200704315299444, 0.0034610523064092314, 0.0001232505645586307, 0.014162900047523118, 0.07998844074514837, 0.007386367789340706, 0.000927140923803079, 0.10813804267102485, 0.007342776202601709, 7701.0, 45691.0, 404680.0)"
7.0,3.0,0.0,900.0,10.0,771.9128574780257,100.0,44.0,"(0.08333333333333333, 0.6311217529365101, 0.021143658537904095, 0.05270761494538431, 0.08200704315299444, 0.0034610523064092314, 0.0001232505645586307, 0.014162900047523118, 0.07998844074514837, 0.007386367789340706, 0.000927140923803079, 0.10813804267102485, 0.007342776202601709, 7701.0, 45691.0, 404680.0)",9.017024144748115,21.0,19.37019098262956,0,"(0.0625, 0.45871453475408575, 0.022697669978264008, 0.05821434723579209, 0.08166566173025114, 0.0035949048545538, 0.00021303222033255162, 0.02536579580550361, 0.07682413403327173, 0.0073340868048489445, 0.0013927203466934039, 0.17883422800839432, 0.007359753596215153, 6571.0, 39860.0, 412381.0)"
7.0,3.0,0.0,900.0,10.0,771.9128574780257,100.0,45.0,"(0.0625, 0.45871453475408575, 0.022697669978264008, 0.05821434723579209, 0.08166566173025114, 0.0035949048545538, 0.00021303222033255162, 0.02536579580550361, 0.07682413403327173, 0.0073340868048489445, 0.0013927203466934039, 0.17883422800839432, 0.007359753596215153, 6571.0, 39860.0, 412381.0)",9.261550320943433,19.0,20.452575731082806,0,"(0.041666666666666664, 0.2771181614551071, 0.024213171921691576, 0.06381270656313147, 0.08137883593481793, 0.0037203998126091784, 0.0003023142437698509, 0.037278347704058044, 0.07455310032460695, 0.007343881543294466, 0.002197394850471985, 0.28658013710079655, 0.007339726418426794, 6502.0, 29676.0, 418952.0)"
7.0,3.0,0.0,900.0,10.0,771.9128574780257,100.0,46.0,"(0.041666666666666664, 0.2771181614551071, 0.024213171921691576, 0.06381270656313147, 0.08137883593481793, 0.0037203998126091784, 0.0003023142437698509, 0.037278347704058044, 0.07455310032460695, 0.007343881543294466, 0.002197394850471985, 0.28658013710079655, 0.007339726418426794, 6502.0, 29676.0, 418952.0)",8.73974346557813,3.0,5.444114555296029,0,"(0.020833333333333332, 0.22843344824105777, 0.02550137044049432, 0.06617334819800308, 0.08117410918819665, 0.0038371522837645855, 0.00030744592924136056, 0.0409229641656342, 0.0734000588500839, 0.007347418739081219, 0.0020266026662801723, 0.29068356260133765, 0.0072875245962827125, 6478.0, 20774.0, 425454.0)"
7.0,3.0,0.0,900.0,10.0,771.9128574780257,100.0,47.0,"(0.020833333333333332, 0.22843344824105777, 0.02550137044049432, 0.06617334819800308, 0.08117410918819665, 0.0038371522837645855, 0.00030744592924136056, 0.0409229641656342, 0.0734000588500839, 0.007347418739081219, 0.0020266026662801723, 0.29068356260133765, 0.0072875245962827125, 6478.0, 20774.0, 425454.0)",9.928497244892688,7.0,8.802906056064963,1,
7.0,4.0,0.0,750.0,9.0,646.2772054778792,92.0,16.0,"(0.6666666666666666, 0.8617896847023779, 0.0, 0.0, 0.0, 0.0, 0.0, 0.0, 0.0, 0.0, 0.0, 0.0, 0.002633428514691461, 16332.0, 0.0, 0.0)",8.628480640812313,0.0,0.0,0,"(0.6458333333333334, 0.8617896847023779, 0.022722486957978395, 0.022722486957978395, 0.1568118433615639, 0.002633428514691461, 0.0, 0.0, 0.1568118433615639, 0.002633428514691461, 0.0, 0.0, 0.002645178994009446, 17777.0, 16332.0, 16332.0)"
7.0,4.0,0.0,750.0,9.0,646.2772054778792,92.0,17.0,"(0.6458333333333334, 0.8617896847023779, 0.022722486957978395, 0.022722486957978395, 0.1568118433615639, 0.002633428514691461, 0.0, 0.0, 0.1568118433615639, 0.002633428514691461, 0.0, 0.0, 0.002645178994009446, 17777.0, 16332.0, 16332.0)",8.628857129324754,0.0,0.0,0,"(0.625, 0.8617896847023779, 0.022773679289388442, 0.022773679289388442, 0.13514537479551736, 0.0026393037543504536, 0.0, 0.0, 0.13514537479551736, 0.0026393037543504536, 0.0, 0.0, 0.0026466296286990886, 20472.0, 34109.0, 34109.0)"
7.0,4.0,0.0,750.0,9.0,646.2772054778792,92.0,18.0,"(0.625, 0.8617896847023779, 0.022773679289388442, 0.022773679289388442, 0.13514537479551736, 0.0026393037543504536, 0.0, 0.0, 0.13514537479551736, 0.0026393037543504536, 0.0, 0.0, 0.0026466296286990886, 20472.0, 34109.0, 34109.0)",8.635534385491042,0.0,0.0,0,"(0.6041666666666666, 0.8617896847023779, 0.022800806581022418, 0.022800806581022418, 0.12315428871434479, 0.002641745712466665, 0.0, 0.0, 0.12315428871434479, 0.002641745712466665, 0.0, 0.0, 0.002670077453699868, 17390.0, 54581.0, 54581.0)"
7.0,4.0,0.0,750.0,9.0,646.2772054778792,92.0,19.0,"(0.6041666666666666, 0.8617896847023779, 0.022800806581022418, 0.022800806581022418, 0.12315428871434479, 0.002641745712466665, 0.0, 0.0, 0.12315428871434479, 0.002641745712466665, 0.0, 0.0, 0.002670077453699868, 17390.0, 54581.0, 54581.0)",8.68204230037109,0.0,0.0081300964710153,0,"(0.5833333333333334, 0.8617046335377032, 0.02289603628533916, 0.022953886061126083, 0.11483283843335335, 0.002648828647774966, 0.0, 1.437607820586544e-05, 0.10083983679061652, 0.0026539620254694674, 0.0, 1.9168104274487252e-05, 0.002632958239537321, 26546.0, 55639.0, 71971.0)"
7.0,4.0,0.0,750.0,9.0,646.2772054778792,92.0,20.0,"(0.5833333333333334, 0.8617046335377032, 0.02289603628533916, 0.022953886061126083, 0.11483283843335335, 0.002648828647774966, 0.0, 1.437607820586544e-05, 0.10083983679061652, 0.0026539620254694674, 0.0, 1.9168104274487252e-05, 0.002632958239537321, 26546.0, 55639.0, 71971.0)",8.742613061540775,0.0,0.0,0,"(0.5625, 0.8617046335377032, 0.022920616047365405, 0.02301857388601672, 0.10907233596074599, 0.002645654566127437, 0.0, 1.1500862564692352e-05, 0.09169031007089844, 0.002649888440645426, 0.0, 1.9168104274487252e-05, 0.0026339747584483895, 23466.0, 64408.0, 98517.0)"
7.0,4.0,0.0,750.0,9.0,646.2772054778792,92.0,21.0,"(0.5625, 0.8617046335377032, 0.022920616047365405, 0.02301857388601672, 0.10907233596074599, 0.002645654566127437, 0.0, 1.1500862564692352e-05, 0.09169031007089844, 0.002649888440645426, 0.0, 1.9168104274487252e-05, 0.0026339747584483895, 23466.0, 64408.0, 98517.0)",8.808498785421806,0.0,0.005728918543712,0,"(0.5416666666666666, 0.8616409883945186, 0.022967407282908563, 0.023134007984794706, 0.10341328783551308, 0.0026437079315142623, 0.0, 1.6686526639360165e-05, 0.08367228695668139, 0.0026456701505618596, 0.0, 3.337305327872033e-05, 0.002644684819401581, 23931.0, 67402.0, 121983.0)"
7.0,4.0,0.0,750.0,9.0,646.2772054778792,92.0,22.0,"(0.5416666666666666, 0.8616409883945186, 0.022967407282908563, 0.023134007984794706, 0.10341328783551308, 0.0026437079315142623, 0.0, 1.6686526639360165e-05, 0.08367228695668139, 0.0026456701505618596, 0.0, 3.337305327872033e-05, 0.002644684819401581, 23931.0, 67402.0, 121983.0)",8.973977660249151,0.0,0.0,0,"(0.5208333333333334, 0.8616409883945186, 0.023076826597880174, 0.02331788034793486, 0.09921831431157865, 0.0026438474869267363, 0.0, 1.4302737119451568e-05, 0.07839894881587904, 0.0026372059391290975, 0.0, 1.4204949004233075e-05, 0.002629465462133211, 18200.0, 73943.0, 145914.0)"
7.0,4.0,0.0,750.0,9.0,646.2772054778792,92.0,23.0,"(0.5208333333333334, 0.8616409883945186, 0.023076826597880174, 0.02331788034793486, 0.09921831431157865, 0.0026438474869267363, 0.0, 1.4302737119451568e-05, 0.07839894881587904, 0.0026372059391290975, 0.0, 1.4204949004233075e-05, 0.002629465462133211, 18200.0, 73943.0, 145914.0)",9.194747771032697,1.0,0.0068632860135871,0,"(0.5, 0.861559380564541, 0.02321438223526475, 0.023703992548430326, 0.09531774125972586, 0.0026420497338275457, 6.868131868131868e-06, 2.625115871578386e-05, 0.07239341675802563, 0.002636041679994394, 1.8315018315018315e-05, 5.0834985634269705e-05, 0.0009372775461737443, 9639.0, 65597.0, 164114.0)"
7.0,4.0,0.0,750.0,9.0,646.2772054778792,92.0,24.0,"(0.5, 0.861559380564541, 0.02321438223526475, 0.023703992548430326, 0.09531774125972586, 0.0026420497338275457, 6.868131868131868e-06, 2.625115871578386e-05, 0.07239341675802563, 0.002636041679994394, 1.8315018315018315e-05, 5.0834985634269705e-05, 0.0009372775461737443, 9639.0, 65597.0, 164114.0)",9.401452930308569,0.0,0.0,0,"(0.4791666666666667, 0.861559380564541, 0.021614092068345067, 0.018907461639218075, 0.09460384633377127, 0.0024526306018660122, 6.105006105006105e-06, 2.3334363302918986e-05, 0.07698496333028763, 0.002070475942569512, 1.8315018315018315e-05, 3.663003663003663e-05, 0.0009460862699936952, 9027.0, 51770.0, 173753.0)"
7.0,4.0,0.0,750.0,9.0,646.2772054778792,92.0,25.0,"(0.4791666666666667, 0.861559380564541, 0.021614092068345067, 0.018907461639218075, 0.09460384633377127, 0.0024526306018660122, 6.105006105006105e-06, 2.3334363302918986e-05, 0.07698496333028763, 0.002070475942569512, 1.8315018315018315e-05, 3.663003663003663e-05, 0.0009460862699936952, 9027.0, 51770.0, 173753.0)",9.402593844473598,0.0,0.0,0,"(0.4583333333333333, 0.861559380564541, 0.02034224935536893, 0.01396156912284269, 0.0927083015137076, 0.002301976168678781, 5.494505494505494e-06, 2.1000926972627088e-05, 0.07751827165200849, 0.001504276426100217, 1.8315018315018315e-05, 3.663003663003663e-05, 0.0009365575043120298, 10653.0, 36866.0, 182780.0)"
7.0,4.0,0.0,750.0,9.0,646.2772054778792,92.0,26.0,"(0.4583333333333333, 0.861559380564541, 0.02034224935536893, 0.01396156912284269, 0.0927083015137076, 0.002301976168678781, 5.494505494505494e-06, 2.1000926972627088e-05, 0.07751827165200849, 0.001504276426100217, 1.8315018315018315e-05, 3.663003663003663e-05, 0.0009365575043120298, 10653.0, 36866.0, 182780.0)",9.402978454134033,0.0,0.0,0,"(0.4375, 0.861559380564541, 0.01929353850798117, 0.008837955235224945, 0.09078596279811944, 0.002177847199190894, 4.995004995004995e-06, 1.909175179329735e-05, 0.07870122023383565, 0.0009399737734931564, 0.0, 0.0, 0.0009463994449476927, 8158.0, 29319.0, 193433.0)"
7.0,4.0,0.0,750.0,9.0,646.2772054778792,92.0,27.0,"(0.4375, 0.861559380564541, 0.01929353850798117, 0.008837955235224945, 0.09078596279811944, 0.002177847199190894, 4.995004995004995e-06, 1.909175179329735e-05, 0.07870122023383565, 0.0009399737734931564, 0.0, 0.0, 0.0009463994449476927, 8158.0, 29319.0, 193433.0)",9.410764584659203,0.0,0.0,0,"(0.4166666666666667, 0.861559380564541, 0.018427938830603976, 0.008869479117380714, 0.08883745744929421, 0.0020752265530039607, 4.578754578754579e-06, 1.750077247718924e-05, 0.07153829079586305, 0.0009430144064178059, 0.0, 0.0, 0.0009392960067819311, 13863.0, 27838.0, 201591.0)"
7.0,4.0,0.0,750.0,9.0,646.2772054778792,92.0,28.0,"(0.4166666666666667, 0.861559380564541, 0.018427938830603976, 0.008869479117380714, 0.08883745744929421, 0.0020752265530039607, 4.578754578754579e-06, 1.750077247718924e-05, 0.07153829079586305, 0.0009430144064178059, 0.0, 0.0, 0.0009392960067819311, 13863.0, 27838.0, 201591.0)",9.426555555609003,0.0,0.0,0,"(0.3958333333333333, 0.861559380564541, 0.01769150707371841, 0.008855699468216667, 0.08700268790981845, 0.001987847280217651, 4.22654268808115e-06, 1.6154559209713144e-05, 0.06798397589685463, 0.000940750985347218, 0.0, 0.0, 0.0009356885139711858, 12779.0, 32674.0, 215454.0)"
7.0,4.0,0.0,750.0,9.0,646.2772054778792,92.0,29.0,"(0.3958333333333333, 0.861559380564541, 0.01769150707371841, 0.008855699468216667, 0.08700268790981845, 0.001987847280217651, 4.22654268808115e-06, 1.6154559209713144e-05, 0.06798397589685463, 0.000940750985347218, 0.0, 0.0, 0.0009356885139711858, 12779.0, 32674.0, 215454.0)",9.453218238250326,0.0,0.0,0,"(0.375, 0.861559380564541, 0.017059632834566647, 0.008868645365380066, 0.08530898726926688, 0.0019126930826286175, 3.924646781789639e-06, 1.5000662123305062e-05, 0.06522674366347413, 0.0009404613219002699, 0.0, 0.0, 0.0009623155344625263, 14145.0, 34800.0, 228233.0)"
7.0,4.0,0.0,750.0,9.0,646.2772054778792,92.0,30.0,"(0.375, 0.861559380564541, 0.017059632834566647, 0.008868645365380066, 0.08530898726926688, 0.0019126930826286175, 3.924646781789639e-06, 1.5000662123305062e-05, 0.06522674366347413, 0.0009404613219002699, 0.0, 0.0, 0.0009623155344625263, 14145.0, 34800.0, 228233.0)",9.473802345198374,0.0,0.0,0,"(0.3541666666666667, 0.861559380564541, 0.016530109790076332, 0.008938793627965744, 0.08365880892170811, 0.0018493345794175448, 3.663003663003663e-06, 1.4000617981751392e-05, 0.06294421481136377, 0.000945766685071881, 0.0, 0.0, 0.0009471753527839955, 12975.0, 40787.0, 242378.0)"
7.0,4.0,0.0,750.0,9.0,646.2772054778792,92.0,31.0,"(0.3541666666666667, 0.861559380564541, 0.016530109790076332, 0.008938793627965744, 0.08365880892170811, 0.0018493345794175448, 3.663003663003663e-06, 1.4000617981751392e-05, 0.06294421481136377, 0.000945766685071881, 0.0, 0.0, 0.0009471753527839955, 12975.0, 40787.0, 242378.0)",9.493621960734535,0.0,0.0,0,"(0.3333333333333333, 0.861559380564541, 0.016058985723812598, 0.008984726540887429, 0.08229470892436438, 0.001792949627752948, 3.434065934065934e-06, 1.312557935789193e-05, 0.06189346665406342, 0.0009483931337392359, 0.0, 0.0, 0.007961088432798793, 13040.0, 39899.0, 255353.0)"
7.0,4.0,0.0,750.0,9.0,646.2772054778792,92.0,32.0,"(0.3333333333333333, 0.861559380564541, 0.016058985723812598, 0.008984726540887429, 0.08229470892436438, 0.001792949627752948, 3.434065934065934e-06, 1.312557935789193e-05, 0.06189346665406342, 0.0009483931337392359, 0.0, 0.0, 0.007961088432798793, 13040.0, 39899.0, 255353.0)",9.575078587749712,13.0,6.337673188811735,0,"(0.3125, 0.7892151587707067, 0.01959834229229854, 0.031445653095047384, 0.08425041282355962, 0.0021557813221674093, 6.187515119308697e-05, 0.0039685064998070665, 0.07931039874359246, 0.0032901931066817713, 0.0003323108384458078, 0.022418200408997956, 0.0079639348467822, 11121.0, 40160.0, 268393.0)"
7.0,4.0,0.0,750.0,9.0,646.2772054778792,92.0,33.0,"(0.3125, 0.7892151587707067, 0.01959834229229854, 0.031445653095047384, 0.08425041282355962, 0.0021557813221674093, 6.187515119308697e-05, 0.0039685064998070665, 0.07931039874359246, 0.0032901931066817713, 0.0003323108384458078, 0.022418200408997956, 0.0079639348467822, 11121.0, 40160.0, 268393.0)",9.67758366872064,20.0,19.611711450425037,0,"(0.2916666666666667, 0.56772991994712, 0.022791303598947214, 0.05409727264330163, 0.08448367559632299, 0.002478456517979342, 0.00015834872193303678, 0.018140224866538903, 0.08860800896939726, 0.005624066210788331, 0.0009317773132832026, 0.10877134610932467, 0.007953894443214593, 10805.0, 37136.0, 279514.0)"
7.0,4.0,0.0,750.0,9.0,646.2772054778792,92.0,34.0,"(0.2916666666666667, 0.56772991994712, 0.022791303598947214, 0.05409727264330163, 0.08448367559632299, 0.002478456517979342, 0.00015834872193303678, 0.018140224866538903, 0.08860800896939726, 0.005624066210788331, 0.0009317773132832026, 0.10877134610932467, 0.007953894443214593, 10805.0, 37136.0, 279514.0)",9.338236472415337,21.0,24.784583435793927,0,"(0.2708333333333333, 0.3004998845372931, 0.02550099010360095, 0.07585834679580548, 0.08435383744734859, 0.0027666374614127767, 0.0002523064026340453, 0.03377136478868531, 0.0953358562365977, 0.007959639240931862, 0.001579625531700602, 0.21381530723843156, 0.008000838601099642, 8911.0, 34966.0, 290319.0)"
7.0,4.0,0.0,750.0,9.0,646.2772054778792,92.0,35.0,"(0.2708333333333333, 0.3004998845372931, 0.02550099010360095, 0.07585834679580548, 0.08435383744734859, 0.0027666374614127767, 0.0002523064026340453, 0.03377136478868531, 0.0953358562365977, 0.007959639240931862, 0.001579625531700602, 0.21381530723843156, 0.008000838601099642, 8911.0, 34966.0, 290319.0)",8.514316831990898,24.0,20.390336664916823,0,"(0.25, 0.09929405654080029, 0.027632024336990163, 0.07315622259024267, 0.08420275827069451, 0.0030283475183971197, 0.00037435610326320035, 0.0455941869655904, 0.0839327158044589, 0.007972889297032146, 0.0021450814983271765, 0.28147304293836267, 0.007999325835448252, 10844.0, 30837.0, 299230.0)"
7.0,4.0,0.0,750.0,9.0,646.2772054778792,92.0,36.0,"(0.25, 0.09929405654080029, 0.027632024336990163, 0.07315622259024267, 0.08420275827069451, 0.0030283475183971197, 0.00037435610326320035, 0.0455941869655904, 0.0839327158044589, 0.007972889297032146, 0.0021450814983271765, 0.28147304293836267, 0.007999325835448252, 10844.0, 30837.0, 299230.0)",6.317341725381962,13.0,11.468527733393014,0,"(0.22916666666666666, 8.674406520488746e-05, 0.028722617219762207, 0.06431049894465218, 0.08376570339633803, 0.0032650607715900308, 0.0004136162709056704, 0.04924148209717573, 0.07945787019642836, 0.007984686293254164, 0.0019452215647414726, 0.2358490254809967, 0.00799965956830729, 10493.0, 30560.0, 310074.0)"
7.0,4.0,0.0,750.0,9.0,646.2772054778792,92.0,37.0,"(0.22916666666666666, 8.674406520488746e-05, 0.028722617219762207, 0.06431049894465218, 0.08376570339633803, 0.0032650607715900308, 0.0004136162709056704, 0.04924148209717573, 0.07945787019642836, 0.007984686293254164, 0.0019452215647414726, 0.2358490254809967, 0.00799965956830729, 10493.0, 30560.0, 310074.0)",0.0,0.0,0.0,1,
7.0,4.0,0.0,750.0,9.0,646.2772054778792,92.0,38.0,"(0.20833333333333334, 8.674406520488746e-05, 0.027417043709773017, 0.03955204988219612, 0.08306716948182932, 0.003480269807804451, 0.00039481553131904905, 0.04700323291094047, 0.07491827236687397, 0.007999941334951728, 0.001297373346324073, 0.1308050643518898, 0.007949371407533046, 12689.0, 30248.0, 320567.0)",0.0,0.0,0.0,1,
7.0,4.0,0.0,750.0,9.0,646.2772054778792,92.0,39.0,"(0.1875, 8.674406520488746e-05, 0.026224998331087233, 0.016844824958401054, 0.08251845757553877, 0.0036745785730100426, 0.00037764963865300345, 0.04495961408872567, 0.07128978627450054, 0.007982785603762864, 0.00039960654125169065, 0.04072912824296077, 0.008054261613989047, 12292.0, 34026.0, 333256.0)",0.0,0.0,0.0,1,
7.0,4.0,0.0,750.0,9.0,646.2772054778792,92.0,40.0,"(0.16666666666666666, 8.674406520488746e-05, 0.025132290067291934, 0.0, 0.08190584580101011, 0.003857065366384168, 0.00036191423704246163, 0.043086296835028765, 0.0688868426337146, 0.008001097529943128, 0.0, 0.0, 0.0069055747122351244, 13441.0, 35474.0, 345548.0)",0.0,0.0,0.0,1,
7.0,4.0,0.0,750.0,9.0,646.2772054778792,92.0,41.0,"(0.14583333333333334, 8.674406520488746e-05, 0.024126998464600254, 0.0, 0.08224927544193598, 0.003979005740218206, 0.00034743766756076315, 0.041362844961627614, 0.07625138581605138, 0.007636402577919072, 0.0, 0.0, 0.006932668216933909, 13532.0, 38422.0, 358989.0)",0.0,0.0,0.0,1,
7.0,4.0,0.0,750.0,9.0,646.2772054778792,92.0,42.0,"(0.125, 8.674406520488746e-05, 0.023199036985192552, 0.0, 0.08222429954144106, 0.0040926081431688095, 0.0003340746803468876, 0.03977196630925732, 0.07996908794669194, 0.007297501514386027, 0.0, 0.0, 0.0069117700018146554, 16755.0, 39265.0, 372521.0)",0.0,0.0,0.0,1,
7.0,4.0,0.0,750.0,9.0,646.2772054778792,92.0,43.0,"(0.10416666666666667, 8.674406520488746e-05, 0.022339813393148385, 0.0, 0.08213725100261914, 0.004197021545340878, 0.00032170154403774365, 0.038298930520025566, 0.08398849261549146, 0.006916670976994564, 0.0, 0.0, 0.0068833862359704645, 15404.0, 43728.0, 389276.0)",0.0,0.0,0.0,1,
7.0,4.0,0.0,750.0,9.0,646.2772054778792,92.0,44.0,"(0.08333333333333333, 8.674406520488746e-05, 0.021541962914821657, 0.0, 0.08200704315299444, 0.004292963141434792, 0.0003102122031792528, 0.0369311115728818, 0.07998844074514837, 0.006909274818239677, 0.0, 0.0, 0.006916584460454619, 7701.0, 45691.0, 404680.0)",0.0,0.0,0.0,1,
7.0,4.0,0.0,750.0,9.0,646.2772054778792,92.0,45.0,"(0.0625, 8.674406520488746e-05, 0.020799136607414014, 0.0, 0.08166566173025114, 0.0043834328420906486, 0.0002995152306558303, 0.035657624966920355, 0.07682413403327173, 0.006903913566079914, 0.0, 0.0, 0.006871200331902229, 6571.0, 39860.0, 412381.0)",0.0,0.0,0.0,1,
7.0,4.0,0.0,750.0,9.0,646.2772054778792,92.0,46.0,"(0.041666666666666664, 8.674406520488746e-05, 0.020105832053833546, 0.0, 0.08137883593481793, 0.004466358425084368, 0.0002895313896339693, 0.03446903746802301, 0.07455310032460695, 0.006890390342775772, 0.0, 0.0, 0.006907424468854107, 6502.0, 29676.0, 418952.0)",0.0,0.0,0.0,1,
7.0,4.0,0.0,750.0,9.0,646.2772054778792,92.0,47.0,"(0.020833333333333332, 8.674406520488746e-05, 0.019457256826290528, 0.0, 0.08117410918819665, 0.004545102491012424, 0.0002801916673877122, 0.03335713303357066, 0.0734000588500839, 0.006898403087070318, 0.0, 0.0, 0.006933896852676101, 6478.0, 20774.0, 425454.0)",0.0,0.0,0.0,1,
7.0,5.0,0.0,600.0,10.0,461.35599484844914,50.0,16.0,"(0.6666666666666666, 0.7689488803572241, 0.0, 0.0, 0.0, 0.0, 0.0, 0.0, 0.0, 0.0, 0.0, 0.0, 0.0018260185150851167, 16332.0, 0.0, 0.0)",12.910789489746403,0.0,0.0,0,"(0.6458333333333334, 0.7689488803572241, 0.023575340652643263, 0.023575340652643263, 0.1568118433615639, 0.0018260185150851167, 0.0, 0.0, 0.1568118433615639, 0.0018260185150851167, 0.0, 0.0, 0.0018362573343802726, 17777.0, 16332.0, 16332.0)"
7.0,5.0,0.0,600.0,10.0,461.35599484844914,50.0,17.0,"(0.6458333333333334, 0.7689488803572241, 0.023575340652643263, 0.023575340652643263, 0.1568118433615639, 0.0018260185150851167, 0.0, 0.0, 0.1568118433615639, 0.0018260185150851167, 0.0, 0.0, 0.0018362573343802726, 17777.0, 16332.0, 16332.0)",10.696702957153574,0.0,0.0,0,"(0.625, 0.7689488803572241, 0.021608619955701833, 0.021608619955701833, 0.13514537479551736, 0.0018311379247326945, 0.0, 0.0, 0.13514537479551736, 0.0018311379247326945, 0.0, 0.0, 0.0018244508480451955, 20472.0, 34109.0, 34109.0)"
7.0,5.0,0.0,600.0,10.0,461.35599484844914,50.0,18.0,"(0.625, 0.7689488803572241, 0.021608619955701833, 0.021608619955701833, 0.13514537479551736, 0.0018311379247326945, 0.0, 0.0, 0.13514537479551736, 0.0018311379247326945, 0.0, 0.0, 0.0018244508480451955, 20472.0, 34109.0, 34109.0)",10.488363265991461,0.0,0.0,0,"(0.6041666666666666, 0.7689488803572241, 0.020784247722215956, 0.020784247722215956, 0.12315428871434479, 0.0018289088991701949, 0.0, 0.0, 0.12315428871434479, 0.0018289088991701949, 0.0, 0.0, 0.0018192601981809596, 17390.0, 54581.0, 54581.0)"
7.0,5.0,0.0,600.0,10.0,461.35599484844914,50.0,19.0,"(0.6041666666666666, 0.7689488803572241, 0.020784247722215956, 0.020784247722215956, 0.12315428871434479, 0.0018289088991701949, 0.0, 0.0, 0.12315428871434479, 0.0018289088991701949, 0.0, 0.0, 0.0018192601981809596, 17390.0, 54581.0, 54581.0)",9.614830017090075,0.0,0.0,0,"(0.5833333333333334, 0.7689488803572241, 0.01996115518225385, 0.018756426692124045, 0.11483283843335335, 0.001826496723922886, 0.0, 0.0, 0.10083983679061652, 0.0018266561268688094, 0.0, 0.0, 0.0018263938265315233, 26546.0, 55639.0, 71971.0)"
7.0,5.0,0.0,600.0,10.0,461.35599484844914,50.0,20.0,"(0.5833333333333334, 0.7689488803572241, 0.01996115518225385, 0.018756426692124045, 0.11483283843335335, 0.001826496723922886, 0.0, 0.0, 0.10083983679061652, 0.0018266561268688094, 0.0, 0.0, 0.0018263938265315233, 26546.0, 55639.0, 71971.0)",11.305690765381128,0.0,0.0,0,"(0.5625, 0.7689488803572241, 0.020098652909516387, 0.019092008212059423, 0.10907233596074599, 0.0018264761444446137, 0.0, 0.0, 0.09169031007089844, 0.0018233682909192261, 0.0, 0.0, 0.0018318562711539133, 23466.0, 64408.0, 98517.0)"
7.0,5.0,0.0,600.0,10.0,461.35599484844914,50.0,21.0,"(0.5625, 0.7689488803572241, 0.020098652909516387, 0.019092008212059423, 0.10907233596074599, 0.0018264761444446137, 0.0, 0.0, 0.09169031007089844, 0.0018233682909192261, 0.0, 0.0, 0.0018318562711539133, 23466.0, 64408.0, 98517.0)",10.31880569458032,0.0,0.0,0,"(0.5416666666666666, 0.7689488803572241, 0.01989930557833627, 0.019014363434456585, 0.10341328783551308, 0.0018273728322294968, 0.0, 0.0, 0.08367228695668139, 0.0018258367652887986, 0.0, 0.0, 0.0018223456578535808, 23931.0, 67402.0, 121983.0)"
7.0,5.0,0.0,600.0,10.0,461.35599484844914,50.0,22.0,"(0.5416666666666666, 0.7689488803572241, 0.01989930557833627, 0.019014363434456585, 0.10341328783551308, 0.0018273728322294968, 0.0, 0.0, 0.08367228695668139, 0.0018258367652887986, 0.0, 0.0, 0.0018223456578535808, 23931.0, 67402.0, 121983.0)",10.618299484253189,0.0,0.0,0,"(0.5208333333333334, 0.7689488803572241, 0.019820863632705046, 0.019633808233306644, 0.09921831431157865, 0.0018266546644615089, 0.0, 0.0, 0.07839894881587904, 0.0018268652518463391, 0.0, 0.0, 0.0018166327147998412, 18200.0, 73943.0, 145914.0)"
7.0,5.0,0.0,600.0,10.0,461.35599484844914,50.0,23.0,"(0.5208333333333334, 0.7689488803572241, 0.019820863632705046, 0.019633808233306644, 0.09921831431157865, 0.0018266546644615089, 0.0, 0.0, 0.07839894881587904, 0.0018268652518463391, 0.0, 0.0, 0.0018166327147998412, 18200.0, 73943.0, 145914.0)",10.167236328125243,0.0,0.0,0,"(0.5, 0.7689488803572241, 0.01965202244521363, 0.018907638338042373, 0.09531774125972586, 0.0018254019207538004, 0.0, 0.0, 0.07239341675802563, 0.0018236115479357785, 0.0, 0.0, 0.0012817693137703882, 9639.0, 65597.0, 164114.0)"
7.0,5.0,0.0,600.0,10.0,461.35599484844914,50.0,24.0,"(0.5, 0.7689488803572241, 0.01965202244521363, 0.018907638338042373, 0.09531774125972586, 0.0018254019207538004, 0.0, 0.0, 0.07239341675802563, 0.0018236115479357785, 0.0, 0.0, 0.0012817693137703882, 9639.0, 65597.0, 164114.0)",10.808579444885606,0.0,0.0,0,"(0.4791666666666667, 0.7689488803572241, 0.019007809446623645, 0.017224817183198394, 0.09460384633377127, 0.0017649982977556433, 0.0, 0.0, 0.07698496333028763, 0.0016402492288079367, 0.0, 0.0, 0.0012670790220945265, 9027.0, 51770.0, 173753.0)"
7.0,5.0,0.0,600.0,10.0,461.35599484844914,50.0,25.0,"(0.4791666666666667, 0.7689488803572241, 0.019007809446623645, 0.017224817183198394, 0.09460384633377127, 0.0017649982977556433, 0.0, 0.0, 0.07698496333028763, 0.0016402492288079367, 0.0, 0.0, 0.0012670790220945265, 9027.0, 51770.0, 173753.0)",10.351905822754269,0.0,0.0,0,"(0.4583333333333333, 0.7689488803572241, 0.01841869677263229, 0.015146974099129193, 0.0927083015137076, 0.0017152063701895317, 0.0, 0.0, 0.07751827165200849, 0.001455160350221585, 0.0, 0.0, 0.001268001282545735, 10653.0, 36866.0, 182780.0)"
7.0,5.0,0.0,600.0,10.0,461.35599484844914,50.0,26.0,"(0.4583333333333333, 0.7689488803572241, 0.01841869677263229, 0.015146974099129193, 0.0927083015137076, 0.0017152063701895317, 0.0, 0.0, 0.07751827165200849, 0.001455160350221585, 0.0, 0.0, 0.001268001282545735, 10653.0, 36866.0, 182780.0)",11.031981468201044,0.0,0.0,0,"(0.4375, 0.7689488803572241, 0.01801595767063842, 0.013653118271771186, 0.09078596279811944, 0.001674551362221914, 0.0, 0.0, 0.07870122023383565, 0.0012722832061368833, 0.0, 0.0, 0.001282813103422641, 8158.0, 29319.0, 193433.0)"
7.0,5.0,0.0,600.0,10.0,461.35599484844914,50.0,27.0,"(0.4375, 0.7689488803572241, 0.01801595767063842, 0.013653118271771186, 0.09078596279811944, 0.001674551362221914, 0.0, 0.0, 0.07870122023383565, 0.0012722832061368833, 0.0, 0.0, 0.001282813103422641, 8158.0, 29319.0, 193433.0)",11.199173927307509,0.0,0.0,0,"(0.4166666666666667, 0.7689488803572241, 0.017711831786540157, 0.013823898806289696, 0.08883745744929421, 0.0016419065073219744, 0.0, 0.0, 0.07153829079586305, 0.0012726311360209675, 0.0, 0.0, 0.0012738220560025136, 13863.0, 27838.0, 201591.0)"
7.0,5.0,0.0,600.0,10.0,461.35599484844914,50.0,28.0,"(0.4166666666666667, 0.7689488803572241, 0.017711831786540157, 0.013823898806289696, 0.08883745744929421, 0.0016419065073219744, 0.0, 0.0, 0.07153829079586305, 0.0012726311360209675, 0.0, 0.0, 0.0012738220560025136, 13863.0, 27838.0, 201591.0)",12.558321952820265,0.0,0.0,0,"(0.3958333333333333, 0.7689488803572241, 0.017579926840643453, 0.014784027067347329, 0.08700268790981845, 0.001613592318758939, 0.0, 0.0, 0.06798397589685463, 0.0012748788139902965, 0.0, 0.0, 0.0012805963758842148, 12779.0, 32674.0, 215454.0)"
7.0,5.0,0.0,600.0,10.0,461.35599484844914,50.0,29.0,"(0.3958333333333333, 0.7689488803572241, 0.017579926840643453, 0.014784027067347329, 0.08700268790981845, 0.001613592318758939, 0.0, 0.0, 0.06798397589685463, 0.0012748788139902965, 0.0, 0.0, 0.0012805963758842148, 12779.0, 32674.0, 215454.0)",12.120115280151781,0.0,0.0,0,"(0.375, 0.7689488803572241, 0.017432858902244726, 0.015294830084801182, 0.08530898726926688, 0.0015898068942678874, 0.0, 0.0, 0.06522674366347413, 0.0012790771784364564, 0.0, 0.0, 0.0012667568562567386, 14145.0, 34800.0, 228233.0)"
7.0,5.0,0.0,600.0,10.0,461.35599484844914,50.0,30.0,"(0.375, 0.7689488803572241, 0.017432858902244726, 0.015294830084801182, 0.08530898726926688, 0.0015898068942678874, 0.0, 0.0, 0.06522674366347413, 0.0012790771784364564, 0.0, 0.0, 0.0012667568562567386, 14145.0, 34800.0, 228233.0)",12.498661041260211,0.0,0.0,0,"(0.3541666666666667, 0.7689488803572241, 0.017326185946631434, 0.015783602586996546, 0.08365880892170811, 0.001568270225067144, 0.0, 0.0, 0.06294421481136377, 0.0012737250960478223, 0.0, 0.0, 0.001272006392421164, 12975.0, 40787.0, 242378.0)"
7.0,5.0,0.0,600.0,10.0,461.35599484844914,50.0,31.0,"(0.3541666666666667, 0.7689488803572241, 0.017326185946631434, 0.015783602586996546, 0.08365880892170811, 0.001568270225067144, 0.0, 0.0, 0.06294421481136377, 0.0012737250960478223, 0.0, 0.0, 0.001272006392421164, 12975.0, 40787.0, 242378.0)",12.067209243774819,0.0,0.0,0,"(0.3333333333333333, 0.7689488803572241, 0.017202647281014803, 0.01556776918929065, 0.08229470892436438, 0.0015497537355267702, 0.0, 0.0, 0.06189346665406342, 0.0012731198748540391, 0.0, 0.0, 0.003991303837927175, 13040.0, 39899.0, 255353.0)"
7.0,5.0,0.0,600.0,10.0,461.35599484844914,50.0,32.0,"(0.3333333333333333, 0.7689488803572241, 0.017202647281014803, 0.01556776918929065, 0.08229470892436438, 0.0015497537355267702, 0.0, 0.0, 0.06189346665406342, 0.0012731198748540391, 0.0, 0.0, 0.003991303837927175, 13040.0, 39899.0, 255353.0)",10.74313926696789,0.0,0.1567899636015957,0,"(0.3125, 0.7663758093956456, 0.018713028793168936, 0.02468715495081526, 0.08425041282355962, 0.0016933743297856177, 0.0, 0.00015788523998556478, 0.07931039874359246, 0.0021766890288683594, 0.0, 0.0008946830265848671, 0.00396937832335998, 11121.0, 40160.0, 268393.0)"
7.0,5.0,0.0,600.0,10.0,461.35599484844914,50.0,33.0,"(0.3125, 0.7663758093956456, 0.018713028793168936, 0.02468715495081526, 0.08425041282355962, 0.0016933743297856177, 0.0, 0.00015788523998556478, 0.07931039874359246, 0.0021766890288683594, 0.0, 0.0008946830265848671, 0.00396937832335998, 11121.0, 40160.0, 268393.0)",10.696439743042111,1.0,0.6716563947589163,0,"(0.2916666666666667, 0.7553446369503942, 0.020032205863168305, 0.033562305445852654, 0.08448367559632299, 0.0018198189960953043, 4.9955539569782895e-06, 0.0008534869456980833, 0.08860800896939726, 0.0030775628512361066, 2.9973323741869734e-05, 0.0051209216741885, 0.003973416299987085, 10805.0, 37136.0, 279514.0)"
7.0,5.0,0.0,600.0,10.0,461.35599484844914,50.0,34.0,"(0.2916666666666667, 0.7553446369503942, 0.020032205863168305, 0.033562305445852654, 0.08448367559632299, 0.0018198189960953043, 4.9955539569782895e-06, 0.0008534869456980833, 0.08860800896939726, 0.0030775628512361066, 2.9973323741869734e-05, 0.0051209216741885, 0.003973416299987085, 10805.0, 37136.0, 279514.0)",10.996830940246706,0.0,0.8439890988014792,0,"(0.2708333333333333, 0.7409652706294733, 0.021277615412800422, 0.04301077878232373, 0.08435383744734859, 0.0019331662226159247, 4.732630064505747e-06, 0.001680482603418594, 0.0953358562365977, 0.0039780328204247475, 2.9973323741869734e-05, 0.010643056488317761, 0.00398662638149084, 8911.0, 34966.0, 290319.0)"
7.0,5.0,0.0,600.0,10.0,461.35599484844914,50.0,35.0,"(0.2708333333333333, 0.7409652706294733, 0.021277615412800422, 0.04301077878232373, 0.08435383744734859, 0.0019331662226159247, 4.732630064505747e-06, 0.001680482603418594, 0.0953358562365977, 0.0039780328204247475, 2.9973323741869734e-05, 0.010643056488317761, 0.00398662638149084, 8911.0, 34966.0, 290319.0)",11.033785820007441,1.0,2.284342620918827,0,"(0.25, 0.7029175221772238, 0.022413113724048465, 0.04338026166569911, 0.08420275827069451, 0.0020358392305596705, 1.010704109298285e-05, 0.004070928229728418, 0.0839327158044589, 0.003976473668279302, 6.7380273953219e-05, 0.026244838504937917, 0.004051795641940312, 10844.0, 30837.0, 299230.0)"
7.0,5.0,0.0,600.0,10.0,461.35599484844914,50.0,36.0,"(0.25, 0.7029175221772238, 0.022413113724048465, 0.04338026166569911, 0.08420275827069451, 0.0020358392305596705, 1.010704109298285e-05, 0.004070928229728418, 0.0839327158044589, 0.003976473668279302, 6.7380273953219e-05, 0.026244838504937917, 0.004051795641940312, 10844.0, 30837.0, 299230.0)",11.647674560546996,7.0,7.9976203840380276,0,"(0.22916666666666666, 0.5637408503847027, 0.023593155785911077, 0.044958855322367715, 0.08376570339633803, 0.002131837154911129, 4.0364718133556936e-05, 0.010182953551068396, 0.07945787019642836, 0.004003946107806079, 0.0002525797031930288, 0.06615975318329026, 0.0039938554864368415, 10493.0, 30560.0, 310074.0)"
7.0,5.0,0.0,600.0,10.0,461.35599484844914,50.0,37.0,"(0.22916666666666666, 0.5637408503847027, 0.023593155785911077, 0.044958855322367715, 0.08376570339633803, 0.002131837154911129, 4.0364718133556936e-05, 0.010182953551068396, 0.07945787019642836, 0.004003946107806079, 0.0002525797031930288, 0.06615975318329026, 0.0039938554864368415, 10493.0, 30560.0, 310074.0)",11.415310859680304,10.0,7.057698325061158,0,"(0.20833333333333334, 0.4438479457858662, 0.024593062427747673, 0.045590893522413606, 0.08306716948182932, 0.0022164743517986618, 8.184888079015305e-05, 0.01590170227700967, 0.07491827236687397, 0.004010759169955998, 0.000570251802052586, 0.10596942687641982, 0.0040064798302838775, 12689.0, 30248.0, 320567.0)"
7.0,5.0,0.0,600.0,10.0,461.35599484844914,50.0,38.0,"(0.20833333333333334, 0.4438479457858662, 0.024593062427747673, 0.045590893522413606, 0.08306716948182932, 0.0022164743517986618, 8.184888079015305e-05, 0.01590170227700967, 0.07491827236687397, 0.004010759169955998, 0.000570251802052586, 0.10596942687641982, 0.0040064798302838775, 12689.0, 30248.0, 320567.0)",11.820124626159798,13.0,10.70308532869958,0,"(0.1875, 0.25829112157584644, 0.025582802796373906, 0.04671406327854353, 0.08251845757553877, 0.002294300676950193, 0.00012283412152126814, 0.022176302666278788, 0.07128978627450054, 0.004017376986220344, 0.0008743479910431701, 0.14287879890994792, 0.003998581719086412, 12292.0, 34026.0, 333256.0)"
7.0,5.0,0.0,600.0,10.0,461.35599484844914,50.0,39.0,"(0.1875, 0.25829112157584644, 0.025582802796373906, 0.04671406327854353, 0.08251845757553877, 0.002294300676950193, 0.00012283412152126814, 0.022176302666278788, 0.07128978627450054, 0.004017376986220344, 0.0008743479910431701, 0.14287879890994792, 0.003998581719086412, 12292.0, 34026.0, 333256.0)",11.378051757812626,8.0,8.211585260180243,0,"(0.16666666666666666, 0.11737384142818352, 0.026412522253092017, 0.046148087523358604, 0.08190584580101011, 0.002365312387039202, 0.00014483394179143225, 0.02669621022006072, 0.0688868426337146, 0.00399963901193571, 0.0008761185073965595, 0.14228900690300703, 0.006975117477644771, 13441.0, 35474.0, 345548.0)"
7.0,5.0,0.0,600.0,10.0,461.35599484844914,50.0,40.0,"(0.16666666666666666, 0.11737384142818352, 0.026412522253092017, 0.046148087523358604, 0.08190584580101011, 0.002365312387039202, 0.00014483394179143225, 0.02669621022006072, 0.0688868426337146, 0.00399963901193571, 0.0008761185073965595, 0.14228900690300703, 0.006975117477644771, 13441.0, 35474.0, 345548.0)",7.614541645845376,10.0,8.90721619322405,0,"(0.14583333333333334, 2.2222276474674e-05, 0.02748051426369594, 0.04865516106064988, 0.08224927544193598, 0.0025497045906634247, 0.0001688002746189938, 0.029044774280568616, 0.07625138581605138, 0.00499339300900502, 0.0008064438293638258, 0.12542730230666754, 0.007029267469592857, 13532.0, 38422.0, 358989.0)"
7.0,5.0,0.0,600.0,10.0,461.35599484844914,50.0,41.0,"(0.14583333333333334, 2.2222276474674e-05, 0.02748051426369594, 0.04865516106064988, 0.08224927544193598, 0.0025497045906634247, 0.0001688002746189938, 0.029044774280568616, 0.07625138581605138, 0.00499339300900502, 0.0008064438293638258, 0.12542730230666754, 0.007029267469592857, 13532.0, 38422.0, 358989.0)",0.0,0.0,0.0,1,
7.0,5.0,0.0,600.0,10.0,461.35599484844914,50.0,42.0,"(0.125, 2.2222276474674e-05, 0.026423571407399944, 0.03286946409193289, 0.08222429954144106, 0.002721995470622249, 0.0001623079563644171, 0.02792766757746982, 0.07996908794669194, 0.00600098888877468, 0.00046494069016189216, 0.0720214652299344, 0.007009632665539186, 16755.0, 39265.0, 372521.0)",0.0,0.0,0.0,1,
7.0,5.0,0.0,600.0,10.0,461.35599484844914,50.0,43.0,"(0.10416666666666667, 2.2222276474674e-05, 0.025444920614533278, 0.01770410750606336, 0.08213725100261914, 0.0028807968482117657, 0.00015629655057314238, 0.026893309519045012, 0.08398849261549146, 0.007004672537592272, 0.00024799742082682333, 0.028470103910919326, 0.006942876567773758, 15404.0, 43728.0, 389276.0)",0.0,0.0,0.0,1,
7.0,5.0,0.0,600.0,10.0,461.35599484844914,50.0,44.0,"(0.08333333333333333, 2.2222276474674e-05, 0.02453617344972852, 0.0, 0.08200704315299444, 0.0030258711239104083, 0.00015071453090981587, 0.02593283417907912, 0.07998844074514837, 0.006993925567635268, 0.0, 0.0, 0.006971634656333705, 7701.0, 45691.0, 404680.0)",0.0,0.0,0.0,1,
7.0,5.0,0.0,600.0,10.0,461.35599484844914,50.0,45.0,"(0.0625, 2.2222276474674e-05, 0.023690098503186156, 0.0, 0.08166566173025114, 0.0031619319353732803, 0.00014551747811982223, 0.025038598517731565, 0.07682413403327173, 0.006974714629882217, 0.0, 0.0, 0.006936746324375383, 6571.0, 39860.0, 412381.0)",0.0,0.0,0.0,1,
7.0,5.0,0.0,600.0,10.0,461.35599484844914,50.0,46.0,"(0.041666666666666664, 2.2222276474674e-05, 0.02290042855307995, 0.0, 0.08137883593481793, 0.0032877590816733503, 0.00014066689551582814, 0.024203978567140513, 0.07455310032460695, 0.006950419182827616, 0.0, 0.0, 0.007052072978925467, 6502.0, 29676.0, 418952.0)",0.0,0.0,0.0,1,
7.0,5.0,0.0,600.0,10.0,461.35599484844914,50.0,47.0,"(0.020833333333333332, 2.2222276474674e-05, 0.022161705051367695, 0.0, 0.08117410918819665, 0.0034091885622298704, 0.00013612925372499498, 0.023423205064974688, 0.0734000588500839, 0.006986817986544852, 0.0, 0.0, 0.007029020382530256, 6478.0, 20774.0, 425454.0)",0.0,0.0,0.0,1,
7.0,6.0,0.0,5250.0,8.0,3891.9468682606453,412.0,16.0,"(0.6666666666666666, 0.7413285736606023, 0.0, 0.0, 0.0, 0.0, 0.0, 0.0, 0.0, 0.0, 0.0, 0.0, 0.0015788092198993728, 16333.0, 0.0, 0.0)",19.954154968262287,0.0,0.0,0,"(0.6458333333333334, 0.7413285736606023, 0.03150380383919338, 0.03150380383919338, 0.15681041320271816, 0.0015788092198993728, 0.0, 0.0, 0.15681041320271816, 0.0015788092198993728, 0.0, 0.0, 0.001564346762047521, 17777.0, 16333.0, 16333.0)"
7.0,6.0,0.0,5250.0,8.0,3891.9468682606453,412.0,17.0,"(0.6458333333333334, 0.7413285736606023, 0.03150380383919338, 0.03150380383919338, 0.15681041320271816, 0.0015788092198993728, 0.0, 0.0, 0.15681041320271816, 0.0015788092198993728, 0.0, 0.0, 0.001564346762047521, 17777.0, 16333.0, 16333.0)",18.389671325684127,0.0,0.0,0,"(0.625, 0.7413285736606023, 0.030135813316322743, 0.030135813316322743, 0.1351446597160945, 0.001571577990973447, 0.0, 0.0, 0.1351446597160945, 0.001571577990973447, 0.0, 0.0, 0.0016158136794369661, 20472.0, 34110.0, 34110.0)"
7.0,6.0,0.0,5250.0,8.0,3891.9468682606453,412.0,18.0,"(0.625, 0.7413285736606023, 0.030135813316322743, 0.030135813316322743, 0.1351446597160945, 0.001571577990973447, 0.0, 0.0, 0.1351446597160945, 0.001571577990973447, 0.0, 0.0, 0.0016158136794369661, 20472.0, 34110.0, 34110.0)",17.847845077515103,0.0,0.0558788735282371,0,"(0.6041666666666666, 0.7411473168803756, 0.029703472952455373, 0.029703472952455373, 0.12315381199472954, 0.0015863232204612868, 0.0, 0.00037449524553862185, 0.12315381199472954, 0.0015863232204612868, 0.0, 0.00037449524553862185, 0.0015750665281260108, 17390.0, 54582.0, 54582.0)"
7.0,6.0,0.0,5250.0,8.0,3891.9468682606453,412.0,19.0,"(0.6041666666666666, 0.7411473168803756, 0.029703472952455373, 0.029703472952455373, 0.12315381199472954, 0.0015863232204612868, 0.0, 0.00037449524553862185, 0.12315381199472954, 0.0015863232204612868, 0.0, 0.00037449524553862185, 0.0015750665281260108, 17390.0, 54582.0, 54582.0)",17.336027145386222,0.0,0.0049578185789336,0,"(0.5833333333333334, 0.741131464680848, 0.029103953736186967, 0.028304003701851498, 0.11483248089364193, 0.0015835090473774677, 0.0, 0.000367127903389159, 0.10083983679061652, 0.0015850756565368327, 0.0, 0.0004895038711855453, 0.001563565117012952, 26546.0, 55639.0, 71972.0)"
7.0,6.0,0.0,5250.0,8.0,3891.9468682606453,412.0,20.0,"(0.5833333333333334, 0.741131464680848, 0.029103953736186967, 0.028304003701851498, 0.11483248089364193, 0.0015835090473774677, 0.0, 0.000367127903389159, 0.10083983679061652, 0.0015850756565368327, 0.0, 0.0004895038711855453, 0.001563565117012952, 26546.0, 55639.0, 71972.0)",17.896512985230004,0.0,0.0283077319455488,0,"(0.5625, 0.7410372397468477, 0.028879635672924564, 0.028042183910659116, 0.10907204992897686, 0.0015795202613045646, 0.0, 0.00039164551565941733, 0.09169031007089844, 0.0015848151081919763, 0.0, 0.0006527425260990289, 0.001586282547846885, 23466.0, 64408.0, 98518.0)"
7.0,6.0,0.0,5250.0,8.0,3891.9468682606453,412.0,21.0,"(0.5625, 0.7410372397468477, 0.028879635672924564, 0.028042183910659116, 0.10907204992897686, 0.0015795202613045646, 0.0, 0.00039164551565941733, 0.09169031007089844, 0.0015848151081919763, 0.0, 0.0006527425260990289, 0.001586282547846885, 23466.0, 64408.0, 98518.0)",17.45641899108935,0.0,0.2519135978202286,0,"(0.5416666666666666, 0.7402441569151289, 0.028681498526348465, 0.02765952410024156, 0.10341304947570545, 0.0015806473090616178, 0.0, 0.0010295162387590517, 0.08367228695668139, 0.0015749713976619493, 0.0, 0.0016845372319794815, 0.001591563718956641, 23931.0, 67402.0, 121984.0)"
7.0,6.0,0.0,5250.0,8.0,3891.9468682606453,412.0,22.0,"(0.5416666666666666, 0.7402441569151289, 0.028681498526348465, 0.02765952410024156, 0.10341304947570545, 0.0015806473090616178, 0.0, 0.0010295162387590517, 0.08367228695668139, 0.0015749713976619493, 0.0, 0.0016845372319794815, 0.001591563718956641, 23931.0, 67402.0, 121984.0)",17.437713623047337,1.0,0.638401015354786,0,"(0.5208333333333334, 0.7382614947943666, 0.028548889071726986, 0.02780880285244701, 0.09921811000317211, 0.0015822067961894783, 5.9695433896261275e-06, 0.002171863862524145, 0.07839894881587904, 0.0015804704612721592, 1.3928934575794298e-05, 0.004578178474704126, 0.0016075376745250365, 18200.0, 73943.0, 145915.0)"
7.0,6.0,0.0,5250.0,8.0,3891.9468682606453,412.0,23.0,"(0.5208333333333334, 0.7382614947943666, 0.028548889071726986, 0.02780880285244701, 0.09921811000317211, 0.0015822067961894783, 5.9695433896261275e-06, 0.002171863862524145, 0.07839894881587904, 0.0015804704612721592, 1.3928934575794298e-05, 0.004578178474704126, 0.0016075376745250365, 18200.0, 73943.0, 145915.0)",17.062864303589315,0.0,0.9508428317161783,0,"(0.5, 0.7354063340669074, 0.02840892758817714, 0.0276244141135981, 0.09531756248987014, 0.0015853731559814233, 5.223350465922862e-06, 0.004221809451137199, 0.07239341675802563, 0.0015951279804428543, 1.3928934575794298e-05, 0.010605416010266834, 0.001412988321626541, 9639.0, 65597.0, 164115.0)"
7.0,6.0,0.0,5250.0,8.0,3891.9468682606453,412.0,24.0,"(0.5, 0.7354063340669074, 0.02840892758817714, 0.0276244141135981, 0.09531756248987014, 0.0015853731559814233, 5.223350465922862e-06, 0.004221809451137199, 0.07239341675802563, 0.0015951279804428543, 1.3928934575794298e-05, 0.010605416010266834, 0.001412988321626541, 9639.0, 65597.0, 164115.0)",16.649492263794496,0.0,0.0,0,"(0.4791666666666667, 0.7354063340669074, 0.027866328759463353, 0.026235989225693132, 0.09460368742723285, 0.0015662192854975472, 4.642978191931433e-06, 0.0037527195121219545, 0.07698496333028763, 0.001537363238369406, 1.3928934575794298e-05, 0.009199126058847758, 0.0015225268116052305, 9027.0, 51770.0, 173754.0)"
7.0,6.0,0.0,5250.0,8.0,3891.9468682606453,412.0,25.0,"(0.4791666666666667, 0.7354063340669074, 0.027866328759463353, 0.026235989225693132, 0.09460368742723285, 0.0015662192854975472, 4.642978191931433e-06, 0.0037527195121219545, 0.07698496333028763, 0.001537363238369406, 1.3928934575794298e-05, 0.009199126058847758, 0.0015225268116052305, 9027.0, 51770.0, 173754.0)",16.774322509766073,0.0,0.1887500258309849,0,"(0.4583333333333333, 0.7348598021095675, 0.027633631460280215, 0.025498030366904425, 0.09270815849782302, 0.0015618500381083156, 4.17868037273829e-06, 0.004042120209630264, 0.07751827165200849, 0.0015143509359189361, 0.0, 0.008406051686211209, 0.0014568324581560083, 10653.0, 36866.0, 182781.0)"
7.0,6.0,0.0,5250.0,8.0,3891.9468682606453,412.0,26.0,"(0.4583333333333333, 0.7348598021095675, 0.027633631460280215, 0.025498030366904425, 0.09270815849782302, 0.0015618500381083156, 4.17868037273829e-06, 0.004042120209630264, 0.07751827165200849, 0.0015143509359189361, 0.0, 0.008406051686211209, 0.0014568324581560083, 10653.0, 36866.0, 182781.0)",17.31056976318409,0.0,0.1171374873450114,0,"(0.4375, 0.7345019666186382, 0.027414083136634793, 0.024761164599188534, 0.09078583278367892, 0.0015523029853853787, 3.7988003388529907e-06, 0.004135472431427017, 0.07870122023383565, 0.0014641158637959267, 0.0, 0.0039052403788665292, 0.0014364284549783673, 8158.0, 29319.0, 193434.0)"
7.0,6.0,0.0,5250.0,8.0,3891.9468682606453,412.0,27.0,"(0.4375, 0.7345019666186382, 0.027414083136634793, 0.024761164599188534, 0.09078583278367892, 0.0015523029853853787, 3.7988003388529907e-06, 0.004135472431427017, 0.07870122023383565, 0.0014641158637959267, 0.0, 0.0039052403788665292, 0.0014364284549783673, 8158.0, 29319.0, 193434.0)",17.6887931823736,0.0,0.043988000413343595,0,"(0.4166666666666667, 0.7343630944808597, 0.027246966697030958, 0.02538888050973377, 0.0888373382693904, 0.0015426467745181277, 3.4822336439485745e-06, 0.00397471832405203, 0.07153829079586305, 0.0014719292415798686, 0.0, 0.004640714759842259, 0.0014102340365412904, 13863.0, 27838.0, 201592.0)"
7.0,6.0,0.0,5250.0,8.0,3891.9468682606453,412.0,28.0,"(0.4166666666666667, 0.7343630944808597, 0.027246966697030958, 0.02538888050973377, 0.0888373382693904, 0.0015426467745181277, 3.4822336439485745e-06, 0.00397471832405203, 0.07153829079586305, 0.0014719292415798686, 0.0, 0.004640714759842259, 0.0014102340365412904, 13863.0, 27838.0, 201592.0)",18.122072219849215,1.0,0.0688882580591154,0,"(0.3958333333333333, 0.7341409637478784, 0.027116920263189404, 0.025394549606220024, 0.08700257789759955, 0.0015324611792891401, 8.763174027559298e-06, 0.0038742765275359406, 0.06798397589685463, 0.0014344983165585554, 2.4044819543629323e-05, 0.0033147975872215266, 0.0014224494060328646, 12779.0, 32674.0, 215455.0)"
7.0,6.0,0.0,5250.0,8.0,3891.9468682606453,412.0,29.0,"(0.3958333333333333, 0.7341409637478784, 0.027116920263189404, 0.025394549606220024, 0.08700257789759955, 0.0015324611792891401, 8.763174027559298e-06, 0.0038742765275359406, 0.06798397589685463, 0.0014344983165585554, 2.4044819543629323e-05, 0.0033147975872215266, 0.0014224494060328646, 12779.0, 32674.0, 215455.0)",18.037395477295497,0.0,0.0379041629492576,0,"(0.375, 0.7340166179028778, 0.02701266042175151, 0.025540777133846133, 0.08530888511506361, 0.0015246031954851205, 8.137233025590775e-06, 0.0037149225665431183, 0.06522674366347413, 0.0014230372991841742, 2.4044819543629323e-05, 0.0021729063953021596, 0.0014407498693457775, 14145.0, 34800.0, 228234.0)"
7.0,6.0,0.0,5250.0,8.0,3891.9468682606453,412.0,30.0,"(0.375, 0.7340166179028778, 0.02701266042175151, 0.025540777133846133, 0.08530888511506361, 0.0015246031954851205, 8.137233025590775e-06, 0.0037149225665431183, 0.06522674366347413, 0.0014230372991841742, 2.4044819543629323e-05, 0.0021729063953021596, 0.0014407498693457775, 14145.0, 34800.0, 228234.0)",18.19321823120172,1.0,0.4446894358544833,0,"(0.3541666666666667, 0.7325819755058212, 0.026959274846273616, 0.025808507443244238, 0.08365871357778508, 0.0015190129737424976, 1.2307841433051686e-05, 0.004395739912112801, 0.06294421481136377, 0.0014244777706399776, 4.761027258946412e-05, 0.006079826264355887, 0.0014187118028160892, 12975.0, 40787.0, 242379.0)"
7.0,6.0,0.0,5250.0,8.0,3891.9468682606453,412.0,31.0,"(0.3541666666666667, 0.7325819755058212, 0.026959274846273616, 0.025808507443244238, 0.08365871357778508, 0.0015190129737424976, 1.2307841433051686e-05, 0.004395739912112801, 0.06294421481136377, 0.0014244777706399776, 4.761027258946412e-05, 0.006079826264355887, 0.0014187118028160892, 12975.0, 40787.0, 242379.0)",18.072422027588466,0.0,0.10992819720626451,0,"(0.3333333333333333, 0.7322254847706362, 0.02687679257063234, 0.0258362392362184, 0.08229461953943652, 0.0015127441505595972, 1.1538601343485956e-05, 0.004438925242750261, 0.06189346665406342, 0.0014273036927315772, 2.3565453045834807e-05, 0.006885736342012314, 0.01078361629350071, 13040.0, 39899.0, 255354.0)"
7.0,6.0,0.0,5250.0,8.0,3891.9468682606453,412.0,32.0,"(0.3333333333333333, 0.7322254847706362, 0.02687679257063234, 0.0258362392362184, 0.08229461953943652, 0.0015127441505595972, 1.1538601343485956e-05, 0.004438925242750261, 0.06189346665406342, 0.0014273036927315772, 2.3565453045834807e-05, 0.006885736342012314, 0.01078361629350071, 13040.0, 39899.0, 255354.0)",16.983270645141673,95.0,112.2823075869363,0,"(0.3125, 0.47309761051024996, 0.03606880912799997, 0.07833083642382611, 0.08425032869656869, 0.0020580895707326035, 0.00043940551147737686, 0.04746092278350512, 0.07931039874359246, 0.004547692655220858, 0.0024519908109190453, 0.2516089237959945, 0.011147211529615179, 11121.0, 40160.0, 268394.0)"
7.0,6.0,0.0,5250.0,8.0,3891.9468682606453,412.0,33.0,"(0.3125, 0.47309761051024996, 0.03606880912799997, 0.07833083642382611, 0.08425032869656869, 0.0020580895707326035, 0.00043940551147737686, 0.04746092278350512, 0.07931039874359246, 0.004547692655220858, 0.0024519908109190453, 0.2516089237959945, 0.011147211529615179, 11121.0, 40160.0, 268394.0)",14.922901153564508,123.0,112.7285003408893,0,"(0.2916666666666667, 0.29300224851477175, 0.04330658283168452, 0.12504312275873908, 0.08448359614305377, 0.0025630407906705246, 0.001029447230881408, 0.08517329416160181, 0.08860800896939726, 0.0077831798753106585, 0.006115144178123188, 0.48906106540904687, 0.010782719773437284, 10805.0, 37136.0, 279515.0)"
7.0,6.0,0.0,5250.0,8.0,3891.9468682606453,412.0,34.0,"(0.2916666666666667, 0.29300224851477175, 0.04330658283168452, 0.12504312275873908, 0.08448359614305377, 0.0025630407906705246, 0.001029447230881408, 0.08517329416160181, 0.08860800896939726, 0.0077831798753106585, 0.006115144178123188, 0.48906106540904687, 0.010782719773437284, 10805.0, 37136.0, 279515.0)",13.167000770568901,100.0,103.3220213397968,0,"(0.2708333333333333, 0.1357858636459583, 0.04849971423873677, 0.16382196313529374, 0.08435376217583039, 0.0029956554739740382, 0.0014623697212992278, 0.1180318759905986, 0.0953358562365977, 0.010904515865517725, 0.009200135694396518, 0.7238609466457896, 0.010842588760589127, 8911.0, 34966.0, 290320.0)"
7.0,6.0,0.0,5250.0,8.0,3891.9468682606453,412.0,35.0,"(0.2708333333333333, 0.1357858636459583, 0.04849971423873677, 0.16382196313529374, 0.08435376217583039, 0.0029956554739740382, 0.0014623697212992278, 0.1180318759905986, 0.0953358562365977, 0.010904515865517725, 0.009200135694396518, 0.7238609466457896, 0.010842588760589127, 8911.0, 34966.0, 290320.0)",11.352488517761277,73.0,81.16923317336108,0,"(0.25, 0.01728091016889545, 0.05222924674716971, 0.14380505992246492, 0.08420268676275224, 0.0033880021383047923, 0.001798857340048541, 0.14705341090838434, 0.0839327158044589, 0.010924173354547198, 0.009502417701951803, 0.7114108436160332, 0.011018185960634013, 10844.0, 30837.0, 299231.0)"
7.0,6.0,0.0,5250.0,8.0,3891.9468682606453,412.0,36.0,"(0.25, 0.01728091016889545, 0.05222924674716971, 0.14380505992246492, 0.08420268676275224, 0.0033880021383047923, 0.001798857340048541, 0.14705341090838434, 0.0839327158044589, 0.010924173354547198, 0.009502417701951803, 0.7114108436160332, 0.011018185960634013, 10844.0, 30837.0, 299231.0)",2.628658514978356,18.0,14.24168467783911,0,"(0.22916666666666666, 3.533328370155329e-05, 0.05112133253754428, 0.0980098307727028, 0.08376563529353585, 0.0037513442250823744, 0.0017922405188286151, 0.1444289743628708, 0.07945787019642836, 0.010881164831553476, 0.00636900024651186, 0.4999630555704848, 0.011216169242819804, 10493.0, 30560.0, 310075.0)"
7.0,6.0,0.0,5250.0,8.0,3891.9468682606453,412.0,37.0,"(0.22916666666666666, 3.533328370155329e-05, 0.05112133253754428, 0.0980098307727028, 0.08376563529353585, 0.0037513442250823744, 0.0017922405188286151, 0.1444289743628708, 0.07945787019642836, 0.010881164831553476, 0.00636900024651186, 0.4999630555704848, 0.011216169242819804, 10493.0, 30560.0, 310075.0)",1.1880911792557662,0.0,0.0107048341382936,0,"(0.20833333333333334, 2.018138741994598e-05, 0.04940335522867563, 0.05512641483162172, 0.08306710447460906, 0.004090654453161349, 0.0017107750407000417, 0.13786835287499752, 0.07491827236687397, 0.011025647988014314, 0.0032840087302385295, 0.2634993731428573, 0.0107033684061542, 12689.0, 30248.0, 320568.0)"
7.0,6.0,0.0,5250.0,8.0,3891.9468682606453,412.0,38.0,"(0.20833333333333334, 2.018138741994598e-05, 0.04940335522867563, 0.05512641483162172, 0.08306710447460906, 0.004090654453161349, 0.0017107750407000417, 0.13786835287499752, 0.07491827236687397, 0.011025647988014314, 0.0032840087302385295, 0.2634993731428573, 0.0107033684061542, 12689.0, 30248.0, 320568.0)",1.7180022305017548,0.0,0.0,0,"(0.1875, 2.018138741994598e-05, 0.048054879383761684, 0.02022576362770818, 0.0825183953947194, 0.004378163755465386, 0.0016363935171913443, 0.1318740766630411, 0.07128978627450054, 0.010979241203202672, 0.0005533013648100332, 0.030678515027419462, 0.010768349565849718, 12292.0, 34026.0, 333257.0)"
7.0,6.0,0.0,5250.0,8.0,3891.9468682606453,412.0,39.0,"(0.1875, 2.018138741994598e-05, 0.048054879383761684, 0.02022576362770818, 0.0825183953947194, 0.004378163755465386, 0.0016363935171913443, 0.1318740766630411, 0.07128978627450054, 0.010979241203202672, 0.0005533013648100332, 0.030678515027419462, 0.010768349565849718, 12292.0, 34026.0, 333257.0)",1.463845618504484,0.0,0.0,0,"(0.16666666666666666, 2.018138741994598e-05, 0.046709392798208856, 0.015825814622860913, 0.08190578621105819, 0.004644421497564733, 0.0015682104539750383, 0.12637932346874772, 0.0688868426337146, 0.01089596240494124, 0.0, 3.176720988595572e-05, 0.009273078150451078, 13441.0, 35474.0, 345549.0)"
7.0,6.0,0.0,5250.0,8.0,3891.9468682606453,412.0,40.0,"(0.16666666666666666, 2.018138741994598e-05, 0.046709392798208856, 0.015825814622860913, 0.08190578621105819, 0.004644421497564733, 0.0015682104539750383, 0.12637932346874772, 0.0688868426337146, 0.01089596240494124, 0.0, 3.176720988595572e-05, 0.009273078150451078, 13441.0, 35474.0, 345549.0)",3.331388248193308,0.0,0.0099875649909464,0,"(0.14583333333333334, 5.360658573509619e-06, 0.046076706029280136, 0.02168127856704652, 0.08224921823558214, 0.004829567763680187, 0.0015054820358160368, 0.12132712649904771, 0.07625138581605138, 0.010248265374151666, 0.0, 2.479974208268234e-05, 0.009224157465625568, 13532.0, 38422.0, 358990.0)"
7.0,6.0,0.0,5250.0,8.0,3891.9468682606453,412.0,41.0,"(0.14583333333333334, 5.360658573509619e-06, 0.046076706029280136, 0.02168127856704652, 0.08224921823558214, 0.004829567763680187, 0.0015054820358160368, 0.12132712649904771, 0.07625138581605138, 0.010248265374151666, 0.0, 2.479974208268234e-05, 0.009224157465625568, 13532.0, 38422.0, 358990.0)",0.0,0.0,0.0,1,
7.0,6.0,0.0,5250.0,8.0,3891.9468682606453,412.0,42.0,"(0.125, 5.360658573509619e-06, 0.044304525028153977, 0.01555180830182821, 0.08222424453533161, 0.004998590444524239, 0.0014475788805923431, 0.11666069855677665, 0.07996908794669194, 0.009755195060642123, 0.0, 2.479974208268234e-05, 0.009109658920753091, 16755.0, 39265.0, 372522.0)",0.0,0.0,0.0,1,
7.0,6.0,0.0,5250.0,8.0,3891.9468682606453,412.0,43.0,"(0.10416666666666667, 5.360658573509619e-06, 0.042663616693777905, 0.010297407858330285, 0.082137198033773, 0.005150852239940123, 0.0013939648479778118, 0.1123399319435627, 0.08398849261549146, 0.009202298178943247, 0.0, 2.479974208268234e-05, 0.009275407963459591, 15404.0, 43728.0, 389277.0)",0.0,0.0,0.0,1,
7.0,6.0,0.0,5250.0,8.0,3891.9468682606453,412.0,44.0,"(0.08333333333333333, 5.360658573509619e-06, 0.041139916097571554, 0.0, 0.0820069920758928, 0.0052981578014943895, 0.0013441803891214613, 0.10832779151700689, 0.07998844074514837, 0.009203074783279417, 0.0, 0.0, 0.008917313884597017, 7701.0, 45691.0, 404681.0)",0.0,0.0,0.0,1,
7.0,6.0,0.0,5250.0,8.0,3891.9468682606453,412.0,45.0,"(0.0625, 5.360658573509619e-06, 0.03972129830110357, 0.0, 0.08166561241442886, 0.005422956287118618, 0.0012978293412207213, 0.10459235043021355, 0.07682413403327173, 0.009100793589603232, 0.0, 0.0, 0.008934264828101723, 6571.0, 39860.0, 412382.0)",0.0,0.0,0.0,1,
7.0,6.0,0.0,5250.0,8.0,3891.9468682606453,412.0,46.0,"(0.041666666666666664, 5.360658573509619e-06, 0.03839725502440012, 0.0, 0.0813787882628564, 0.005539999905151388, 0.0012545683631800307, 0.10110593874920643, 0.07455310032460695, 0.009042328892052776, 0.0, 0.0, 0.00894612197176288, 6502.0, 29676.0, 418953.0)",0.0,0.0,0.0,1,
7.0,6.0,0.0,5250.0,8.0,3891.9468682606453,412.0,47.0,"(0.020833333333333332, 5.360658573509619e-06, 0.03715863389458076, 0.0, 0.08117406305404033, 0.005649874810525953, 0.0012140984159806749, 0.09784445685407074, 0.0734000588500839, 0.00893256689482054, 0.0, 0.0, 0.009099246428967702, 6478.0, 20774.0, 425455.0)",0.0,0.0,0.0,1,
7.0,7.0,0.0,5100.0,7.0,3830.583026015852,343.0,16.0,"(0.6666666666666666, 0.7511071234842881, 0.0, 0.0, 0.0, 0.0, 0.0, 0.0, 0.0, 0.0, 0.0, 0.0, 0.002277393048233139, 16333.0, 0.0, 0.0)",19.564525604248438,0.0,0.0,0,"(0.6458333333333334, 0.7511071234842881, 0.04455611460309463, 0.04455611460309463, 0.15681041320271816, 0.002277393048233139, 0.0, 0.0, 0.15681041320271816, 0.002277393048233139, 0.0, 0.0, 0.0023228001601690623, 17777.0, 16333.0, 16333.0)"
7.0,7.0,0.0,5100.0,7.0,3830.583026015852,343.0,17.0,"(0.6458333333333334, 0.7511071234842881, 0.04455611460309463, 0.04455611460309463, 0.15681041320271816, 0.002277393048233139, 0.0, 0.0, 0.15681041320271816, 0.002277393048233139, 0.0, 0.0, 0.0023228001601690623, 17777.0, 16333.0, 16333.0)",17.74320793151889,0.0,0.221531762056501,0,"(0.625, 0.7503792855066965, 0.04288502041416985, 0.04288502041416985, 0.1351446597160945, 0.0023000966042011003, 0.0, 0.0022782246723294145, 0.1351446597160945, 0.0023000966042011003, 0.0, 0.0022782246723294145, 0.002280770180602753, 20472.0, 34110.0, 34110.0)"
7.0,7.0,0.0,5100.0,7.0,3830.583026015852,343.0,18.0,"(0.625, 0.7503792855066965, 0.04288502041416985, 0.04288502041416985, 0.1351446597160945, 0.0023000966042011003, 0.0, 0.0022782246723294145, 0.1351446597160945, 0.0023000966042011003, 0.0, 0.0022782246723294145, 0.002280770180602753, 20472.0, 34110.0, 34110.0)",17.541076660156605,0.0,0.0358460938787459,0,"(0.6041666666666666, 0.7502632843369618, 0.0419257351368306, 0.0419257351368306, 0.12315381199472954, 0.0022936544630016513, 0.0, 0.0016979228699989506, 0.12315381199472954, 0.0022936544630016513, 0.0, 0.0016979228699989506, 0.0023876431100760456, 17390.0, 54582.0, 54582.0)"
7.0,7.0,0.0,5100.0,7.0,3830.583026015852,343.0,19.0,"(0.6041666666666666, 0.7502632843369618, 0.0419257351368306, 0.0419257351368306, 0.12315381199472954, 0.0022936544630016513, 0.0, 0.0016979228699989506, 0.12315381199472954, 0.0022936544630016513, 0.0, 0.0016979228699989506, 0.0023876431100760456, 17390.0, 54582.0, 54582.0)",16.90469932556181,1.0,3.2976724309931984,0,"(0.5833333333333334, 0.7402870885806894, 0.041534898570769155, 0.040527826559994, 0.11483248089364193, 0.00231715162477025, 1.437607820586544e-05, 0.012702424326162236, 0.10083983679061652, 0.0023304044836159536, 1.9168104274487252e-05, 0.016936565768216314, 0.0022809944650081706, 26546.0, 55639.0, 71972.0)"
7.0,7.0,0.0,5100.0,7.0,3830.583026015852,343.0,20.0,"(0.5833333333333334, 0.7402870885806894, 0.041534898570769155, 0.040527826559994, 0.11483248089364193, 0.00231715162477025, 1.437607820586544e-05, 0.012702424326162236, 0.10083983679061652, 0.0023304044836159536, 1.9168104274487252e-05, 0.016936565768216314, 0.0022809944650081706, 26546.0, 55639.0, 71972.0)",17.51913452148473,1.0,0.5077453250723513,0,"(0.5625, 0.7386289901847104, 0.041220128631663376, 0.04011020077665906, 0.10907204992897686, 0.0023099201928178338, 1.9034954329930054e-05, 0.011412598693959247, 0.09169031007089844, 0.0023164692518956565, 3.172492388321676e-05, 0.017502181375045802, 0.0023306101410743825, 23466.0, 64408.0, 98518.0)"
7.0,7.0,0.0,5100.0,7.0,3830.583026015852,343.0,21.0,"(0.5625, 0.7386289901847104, 0.041220128631663376, 0.04011020077665906, 0.10907204992897686, 0.0023099201928178338, 1.9034954329930054e-05, 0.011412598693959247, 0.09169031007089844, 0.0023164692518956565, 3.172492388321676e-05, 0.017502181375045802, 0.0023306101410743825, 23466.0, 64408.0, 98518.0)",16.83261680603058,4.0,6.081483865623053,0,"(0.5416666666666666, 0.7203015112234181, 0.04088848509787847, 0.03985123505892635, 0.10341304947570545, 0.002313368517527259, 4.427235995007453e-05, 0.02108753235008266, 0.08367228695668139, 0.0023330825720528667, 8.854471990014905e-05, 0.040477141830166374, 0.0022859101094321785, 23931.0, 67402.0, 121984.0)"
7.0,7.0,0.0,5100.0,7.0,3830.583026015852,343.0,22.0,"(0.5416666666666666, 0.7203015112234181, 0.04088848509787847, 0.03985123505892635, 0.10341304947570545, 0.002313368517527259, 4.427235995007453e-05, 0.02108753235008266, 0.08367228695668139, 0.0023330825720528667, 8.854471990014905e-05, 0.040477141830166374, 0.0022859101094321785, 23931.0, 67402.0, 121984.0)",16.83666419982944,0.0,1.3307802974909677,0,"(0.5208333333333334, 0.7162316658053645, 0.04054543021296797, 0.03922613906923306, 0.09921811000317211, 0.0023094458877993902, 3.7947737100063875e-05, 0.020641931386181516, 0.07839894881587904, 0.002299171571838244, 6.93766156256618e-05, 0.03122794079954055, 0.002344831549368005, 18200.0, 73943.0, 145915.0)"
7.0,7.0,0.0,5100.0,7.0,3830.583026015852,343.0,23.0,"(0.5208333333333334, 0.7162316658053645, 0.04054543021296797, 0.03922613906923306, 0.09921811000317211, 0.0023094458877993902, 3.7947737100063875e-05, 0.020641931386181516, 0.07839894881587904, 0.002299171571838244, 6.93766156256618e-05, 0.03122794079954055, 0.002344831549368005, 18200.0, 73943.0, 145915.0)",17.32240867614778,6.0,9.085406468357059,0,"(0.5, 0.6889408364814246, 0.040554517733206646, 0.03944516623577876, 0.09531756248987014, 0.002313869095495467, 7.44130611713471e-05, 0.03453833831455718, 0.07239341675802563, 0.0023204505999581885, 0.0001667099059070422, 0.0730812376822204, 0.00117692793296999, 9639.0, 65597.0, 164115.0)"
7.0,7.0,0.0,5100.0,7.0,3830.583026015852,343.0,24.0,"(0.5, 0.6889408364814246, 0.040554517733206646, 0.03944516623577876, 0.09531756248987014, 0.002313869095495467, 7.44130611713471e-05, 0.03453833831455718, 0.07239341675802563, 0.0023204505999581885, 0.0001667099059070422, 0.0730812376822204, 0.00117692793296999, 9639.0, 65597.0, 164115.0)",18.558557510376687,0.0,0.0,0,"(0.4791666666666667, 0.6889408364814246, 0.038475358510582834, 0.033649105335991546, 0.09460368742723285, 0.0021875422996593032, 6.614494326341965e-05, 0.03070074516849527, 0.07698496333028763, 0.0019358898639233915, 0.00010989010989010989, 0.04992717080532048, 0.0012002165576608579, 9027.0, 51770.0, 173754.0)"
7.0,7.0,0.0,5100.0,7.0,3830.583026015852,343.0,25.0,"(0.4791666666666667, 0.6889408364814246, 0.038475358510582834, 0.033649105335991546, 0.09460368742723285, 0.0021875422996593032, 6.614494326341965e-05, 0.03070074516849527, 0.07698496333028763, 0.0019358898639233915, 0.00010989010989010989, 0.04992717080532048, 0.0012002165576608579, 9027.0, 51770.0, 173754.0)",18.39182662963934,0.0,0.0069173884945244995,0,"(0.4583333333333333, 0.6889165039361751, 0.03683524014417665, 0.028178129983663574, 0.09270815849782302, 0.002088809725459458, 5.953044893707768e-05, 0.027663904284081768, 0.07751827165200849, 0.0015739920133329508, 0.00010989010989010989, 0.04404850771251569, 0.0011871664362190502, 10653.0, 36866.0, 182781.0)"
7.0,7.0,0.0,5100.0,7.0,3830.583026015852,343.0,26.0,"(0.4583333333333333, 0.6889165039361751, 0.03683524014417665, 0.028178129983663574, 0.09270815849782302, 0.002088809725459458, 5.953044893707768e-05, 0.027663904284081768, 0.07751827165200849, 0.0015739920133329508, 0.00010989010989010989, 0.04404850771251569, 0.0011871664362190502, 10653.0, 36866.0, 182781.0)",18.494319915772177,0.0,0.0059509331119849,0,"(0.4375, 0.6888955453945298, 0.0354825670278608, 0.021957365146938537, 0.09078583278367892, 0.0020068421537103305, 5.411858994279789e-05, 0.02517460487769754, 0.07870122023383565, 0.0011881036422832995, 0.0, 0.00020464904607183485, 0.0012078206757944973, 8158.0, 29319.0, 193434.0)"
7.0,7.0,0.0,5100.0,7.0,3830.583026015852,343.0,27.0,"(0.4375, 0.6888955453945298, 0.0354825670278608, 0.021957365146938537, 0.09078583278367892, 0.0020068421537103305, 5.411858994279789e-05, 0.02517460487769754, 0.07870122023383565, 0.0011881036422832995, 0.0, 0.00020464904607183485, 0.0012078206757944973, 8158.0, 29319.0, 193434.0)",19.029447555542664,0.0,0.0458118463609443,0,"(0.4166666666666667, 0.6887346773945734, 0.034441033126083355, 0.022338056972584924, 0.0888373382693904, 0.0019402570305506776, 4.960870744756473e-05, 0.023270804655091338, 0.07153829079586305, 0.0011984012232248017, 0.0, 0.0009809831148795492, 0.0011749347955461085, 13863.0, 27838.0, 201592.0)"
7.0,7.0,0.0,5100.0,7.0,3830.583026015852,343.0,28.0,"(0.4166666666666667, 0.6887346773945734, 0.034441033126083355, 0.022338056972584924, 0.0888373382693904, 0.0019402570305506776, 4.960870744756473e-05, 0.023270804655091338, 0.07153829079586305, 0.0011984012232248017, 0.0, 0.0009809831148795492, 0.0011749347955461085, 13863.0, 27838.0, 201592.0)",19.647167205811296,0.0,0.0182649423486753,0,"(0.3958333333333333, 0.6886677848300486, 0.03356742599207849, 0.02267471215175128, 0.08700257789759955, 0.0018813860893964799, 4.579265302852129e-05, 0.02159171884874722, 0.06798397589685463, 0.001189973969186552, 0.0, 0.0013511007309653848, 0.0011676162081999026, 12779.0, 32674.0, 215455.0)"
7.0,7.0,0.0,5100.0,7.0,3830.583026015852,343.0,29.0,"(0.3958333333333333, 0.6886677848300486, 0.03356742599207849, 0.02267471215175128, 0.08700257789759955, 0.0018813860893964799, 4.579265302852129e-05, 0.02159171884874722, 0.06798397589685463, 0.001189973969186552, 0.0, 0.0013511007309653848, 0.0011676162081999026, 12779.0, 32674.0, 215455.0)",19.40407752990801,0.0,0.0,0,"(0.375, 0.6886677848300486, 0.03278807523757918, 0.022908272006546573, 0.08530888511506361, 0.0018304025264538673, 4.252174924076977e-05, 0.02004945321669385, 0.06522674366347413, 0.0011834572265135028, 0.0, 0.0012572304596803008, 0.0011886373327464719, 14145.0, 34800.0, 228234.0)"
7.0,7.0,0.0,5100.0,7.0,3830.583026015852,343.0,30.0,"(0.375, 0.6886677848300486, 0.03278807523757918, 0.022908272006546573, 0.08530888511506361, 0.0018304025264538673, 4.252174924076977e-05, 0.02004945321669385, 0.06522674366347413, 0.0011834572265135028, 0.0, 0.0012572304596803008, 0.0011886373327464719, 14145.0, 34800.0, 228234.0)",19.555482864380636,1.0,0.0245155982546072,0,"(0.3541666666666667, 0.6885773845746256, 0.03215182868790635, 0.022995010935198318, 0.08365871357778508, 0.0017876181802067078, 4.440005656721875e-05, 0.01878823245199426, 0.06294421481136377, 0.0011770627788308277, 2.3565453045834807e-05, 0.0008579436396059433, 0.0011962748564581626, 12975.0, 40787.0, 242379.0)"
7.0,7.0,0.0,5100.0,7.0,3830.583026015852,343.0,31.0,"(0.3541666666666667, 0.6885773845746256, 0.03215182868790635, 0.022995010935198318, 0.08365871357778508, 0.0017876181802067078, 4.440005656721875e-05, 0.01878823245199426, 0.06294421481136377, 0.0011770627788308277, 2.3565453045834807e-05, 0.0008579436396059433, 0.0011962748564581626, 12975.0, 40787.0, 242379.0)",19.51252174377514,0.0,0.055418311724094796,0,"(0.3333333333333333, 0.68838000924275, 0.03160123559167291, 0.02308107718991541, 0.08229461953943652, 0.0017506592224724236, 4.162505303176758e-05, 0.017811463106788935, 0.06189346665406342, 0.001184176132468179, 2.3565453045834807e-05, 0.0014303548916363752, 0.005840479816529874, 13040.0, 39899.0, 255354.0)"
7.0,7.0,0.0,5100.0,7.0,3830.583026015852,343.0,32.0,"(0.3333333333333333, 0.68838000924275, 0.03160123559167291, 0.02308107718991541, 0.08229461953943652, 0.0017506592224724236, 4.162505303176758e-05, 0.017811463106788935, 0.06189346665406342, 0.001184176132468179, 2.3565453045834807e-05, 0.0014303548916363752, 0.005840479816529874, 13040.0, 39899.0, 255354.0)",16.215496063232543,18.0,20.40005726418602,0,"(0.3125, 0.6337985572987976, 0.03531329687877035, 0.04709766453766248, 0.08425032869656869, 0.0019912369044758032, 0.00012037464392163473, 0.032412412768858014, 0.07931039874359246, 0.002741797335244836, 0.0004836881524323379, 0.09010622401229078, 0.005871949372830706, 11121.0, 40160.0, 268394.0)"
7.0,7.0,0.0,5100.0,7.0,3830.583026015852,343.0,33.0,"(0.3125, 0.6337985572987976, 0.03531329687877035, 0.04709766453766248, 0.08425032869656869, 0.0019912369044758032, 0.00012037464392163473, 0.032412412768858014, 0.07931039874359246, 0.002741797335244836, 0.0004836881524323379, 0.09010622401229078, 0.005871949372830706, 11121.0, 40160.0, 268394.0)",16.000129699707145,45.0,39.776348258389106,0,"(0.2916666666666667, 0.5376754490893637, 0.03857099991636118, 0.07066685605863536, 0.08448359614305377, 0.002206832041606631, 0.0003384870917677891, 0.058002345516700075, 0.08860800896939726, 0.004302901348606247, 0.001808922267770641, 0.25407291084022915, 0.005891817346619974, 10805.0, 37136.0, 279515.0)"
7.0,7.0,0.0,5100.0,7.0,3830.583026015852,343.0,34.0,"(0.2916666666666667, 0.5376754490893637, 0.03857099991636118, 0.07066685605863536, 0.08448359614305377, 0.002206832041606631, 0.0003384870917677891, 0.058002345516700075, 0.08860800896939726, 0.004302901348606247, 0.001808922267770641, 0.25407291084022915, 0.005891817346619974, 10805.0, 37136.0, 279515.0)",15.45905113220226,48.0,42.0289927694411,0,"(0.2708333333333333, 0.44225599997072507, 0.041334731795657664, 0.09324671155024304, 0.08435376217583039, 0.0024007786366073334, 0.0005544818650133579, 0.08196437409358727, 0.0953358562365977, 0.005868082178660185, 0.0032897181955818394, 0.4241132326898451, 0.005794374635235917, 8911.0, 34966.0, 290320.0)"
7.0,7.0,0.0,5100.0,7.0,3830.583026015852,343.0,35.0,"(0.2708333333333333, 0.44225599997072507, 0.041334731795657664, 0.09324671155024304, 0.08435376217583039, 0.0024007786366073334, 0.0005544818650133579, 0.08196437409358727, 0.0953358562365977, 0.005868082178660185, 0.0032897181955818394, 0.4241132326898451, 0.005794374635235917, 8911.0, 34966.0, 290320.0)",15.118224143982049,29.0,31.026756086229405,0,"(0.25, 0.3699058583834434, 0.04364802793135983, 0.0908781705627002, 0.08420268676275224, 0.0025704584365387625, 0.0006894780051820593, 0.10296434863321272, 0.0839327158044589, 0.005852713784895533, 0.003914397052324465, 0.502758651864556, 0.005734637377029036, 10844.0, 30837.0, 299231.0)"
7.0,7.0,0.0,5100.0,7.0,3830.583026015852,343.0,36.0,"(0.25, 0.3699058583834434, 0.04364802793135983, 0.0908781705627002, 0.08420268676275224, 0.0025704584365387625, 0.0006894780051820593, 0.10296434863321272, 0.0839327158044589, 0.005852713784895533, 0.003914397052324465, 0.502758651864556, 0.005734637377029036, 10844.0, 30837.0, 299231.0)",14.666931152343869,40.0,37.96932952513838,0,"(0.22916666666666666, 0.28042159853300935, 0.04557476620093996, 0.08759736390841265, 0.08376563529353585, 0.0027211336241811566, 0.0008322969461448291, 0.12523452921769848, 0.07945787019642836, 0.005806943119628309, 0.003795156072407068, 0.528627631423689, 0.005862481823243764, 10493.0, 30560.0, 310075.0)"
7.0,7.0,0.0,5100.0,7.0,3830.583026015852,343.0,37.0,"(0.22916666666666666, 0.28042159853300935, 0.04557476620093996, 0.08759736390841265, 0.08376563529353585, 0.0027211336241811566, 0.0008322969461448291, 0.12523452921769848, 0.07945787019642836, 0.005806943119628309, 0.003795156072407068, 0.528627631423689, 0.005862481823243764, 10493.0, 30560.0, 310075.0)",13.678779602050875,43.0,46.80559381269693,0,"(0.20833333333333334, 0.1919239564860202, 0.047148258500041826, 0.08396726096114145, 0.08306710447460906, 0.0028639221786840026, 0.0009807366338331679, 0.14424683215956746, 0.07491827236687397, 0.005797164611836239, 0.0036803501696919655, 0.5387023999107755, 0.005894944038206991, 12689.0, 30248.0, 320568.0)"
7.0,7.0,0.0,5100.0,7.0,3830.583026015852,343.0,38.0,"(0.20833333333333334, 0.1919239564860202, 0.047148258500041826, 0.08396726096114145, 0.08306710447460906, 0.0028639221786840026, 0.0009807366338331679, 0.14424683215956746, 0.07491827236687397, 0.005797164611836239, 0.0036803501696919655, 0.5387023999107755, 0.005894944038206991, 12689.0, 30248.0, 320568.0)",12.61176586151132,44.0,51.19678315751909,0,"(0.1875, 0.09578806357702252, 0.04833075395554342, 0.07954892745010071, 0.0825183953947194, 0.0029957057377936976, 0.0010888598382974624, 0.15951734015426075, 0.07128978627450054, 0.00583068774615993, 0.00375140539240015, 0.5365372836279145, 0.005799427909498012, 12292.0, 34026.0, 333257.0)"
7.0,7.0,0.0,5100.0,7.0,3830.583026015852,343.0,39.0,"(0.1875, 0.09578806357702252, 0.04833075395554342, 0.07954892745010071, 0.0825183953947194, 0.0029957057377936976, 0.0010888598382974624, 0.15951734015426075, 0.07128978627450054, 0.00583068774615993, 0.00375140539240015, 0.5365372836279145, 0.005799427909498012, 12292.0, 34026.0, 333257.0)",11.59581947326669,44.0,42.04517893312438,0,"(0.16666666666666666, 0.01847768827476138, 0.049119019169344254, 0.07392878994817427, 0.08190578621105819, 0.0031125274949480434, 0.0011926391760362614, 0.17204653548056995, 0.0688868426337146, 0.005852284590316256, 0.003715034785276288, 0.4997305793206703, 0.011526600766285257, 13441.0, 35474.0, 345549.0)"
7.0,7.0,0.0,5100.0,7.0,3830.583026015852,343.0,40.0,"(0.16666666666666666, 0.01847768827476138, 0.049119019169344254, 0.07392878994817427, 0.08190578621105819, 0.0031125274949480434, 0.0011926391760362614, 0.17204653548056995, 0.0688868426337146, 0.005852284590316256, 0.003715034785276288, 0.4997305793206703, 0.011526600766285257, 13441.0, 35474.0, 345549.0)",3.4524683367993885,19.0,16.262406627103275,0,"(0.14583333333333334, 2.8753153176259214e-05, 0.04874606736963158, 0.0604633324132898, 0.08224921823558214, 0.003449090425801532, 0.0012014770209433266, 0.16881321211655137, 0.07625138581605138, 0.007740324237996753, 0.0028202398597511565, 0.3489666651344334, 0.010992023127569736, 13532.0, 38422.0, 358990.0)"
7.0,7.0,0.0,5100.0,7.0,3830.583026015852,343.0,41.0,"(0.14583333333333334, 2.8753153176259214e-05, 0.04874606736963158, 0.0604633324132898, 0.08224921823558214, 0.003449090425801532, 0.0012014770209433266, 0.16881321211655137, 0.07625138581605138, 0.007740324237996753, 0.0028202398597511565, 0.3489666651344334, 0.010992023127569736, 13532.0, 38422.0, 358990.0)",3.755374134219307,0.0,0.0,0,"(0.125, 2.8753153176259214e-05, 0.0484588785991079, 0.0494411675331022, 0.08222424453533161, 0.0037392032220233866, 0.0011552663662916603, 0.1623203962659148, 0.07996908794669194, 0.009439350601117669, 0.0016643830809138435, 0.18381049312192918, 0.010974390192792775, 16755.0, 39265.0, 372522.0)"
7.0,7.0,0.0,5100.0,7.0,3830.583026015852,343.0,42.0,"(0.125, 2.8753153176259214e-05, 0.0484588785991079, 0.0494411675331022, 0.08222424453533161, 0.0037392032220233866, 0.0011552663662916603, 0.1623203962659148, 0.07996908794669194, 0.009439350601117669, 0.0016643830809138435, 0.18381049312192918, 0.010974390192792775, 16755.0, 39265.0, 372522.0)",4.027270176549844,0.0,0.0,0,"(0.10416666666666667, 2.8753153176259214e-05, 0.04830102510763187, 0.04175707261393288, 0.082137198033773, 0.00400717310982966, 0.0011124787230956728, 0.15631074024408514, 0.08398849261549146, 0.011164338028882588, 0.00047119509957096475, 0.03042437835220674, 0.010930580597680267, 15404.0, 43728.0, 389277.0)"
7.0,7.0,0.0,5100.0,7.0,3830.583026015852,343.0,43.0,"(0.10416666666666667, 2.8753153176259214e-05, 0.04830102510763187, 0.04175707261393288, 0.082137198033773, 0.00400717310982966, 0.0011124787230956728, 0.15631074024408514, 0.08398849261549146, 0.011164338028882588, 0.00047119509957096475, 0.03042437835220674, 0.010930580597680267, 15404.0, 43728.0, 389277.0)",3.4412873653417653,0.0,0.0190906927469455,0,"(0.08333333333333333, 1.2412500786941743e-05, 0.047919390957596696, 0.04103042085730606, 0.0820069920758928, 0.004254437662967182, 0.0010727473401279703, 0.15073516932855327, 0.07998844074514837, 0.010965664639347594, 2.8912057932946783e-19, 8.481276190233395e-05, 0.011187492422541476, 7701.0, 45691.0, 404681.0)"
7.0,7.0,0.0,5100.0,7.0,3830.583026015852,343.0,44.0,"(0.08333333333333333, 1.2412500786941743e-05, 0.047919390957596696, 0.04103042085730606, 0.0820069920758928, 0.004254437662967182, 0.0010727473401279703, 0.15073516932855327, 0.07998844074514837, 0.010965664639347594, 2.8912057932946783e-19, 8.481276190233395e-05, 0.011187492422541476, 7701.0, 45691.0, 404681.0)",0.0,0.0,0.0,1,
7.0,7.0,0.0,5100.0,7.0,3830.583026015852,343.0,45.0,"(0.0625, 1.2412500786941743e-05, 0.046266998165955434, 0.027270701078634125, 0.08166561241442886, 0.004493508516745606, 0.0010357560525373504, 0.14553740486894798, 0.07682413403327173, 0.011030821071004839, 2.8912057932946783e-19, 8.481276190233395e-05, 0.010860821881349356, 6571.0, 39860.0, 412382.0)",0.0,0.0,0.0,1,
7.0,7.0,0.0,5100.0,7.0,3830.583026015852,343.0,46.0,"(0.041666666666666664, 1.2412500786941743e-05, 0.044724764893756916, 0.012538422968882315, 0.0813787882628564, 0.00470575229556573, 0.0010012308507861055, 0.14068615803998305, 0.07455310032460695, 0.010992964967190365, 2.8912057932946783e-19, 6.49182030641762e-05, 0.011321111385686193, 6502.0, 29676.0, 418953.0)",0.0,0.0,0.0,1,
7.0,7.0,0.0,5100.0,7.0,3830.583026015852,343.0,47.0,"(0.020833333333333332, 1.2412500786941743e-05, 0.043282030542345404, 0.0, 0.08117406305404033, 0.004919150975892197, 0.0009689330814059085, 0.13614789487740295, 0.0734000588500839, 0.011123141896525674, 2.8912057932946783e-19, 3.700743415417188e-17, 0.010929919735957397, 6478.0, 20774.0, 425455.0)",0.0,0.0,0.0,1,
